api_name,english_name,english_description,tchinese_name,tchinese_description,arabic_name,arabic_description,brazilian_name,brazilian_description,czech_name,czech_description,danish_name,danish_description,dutch_name,dutch_description,finnish_name,finnish_description,french_name,french_description,german_name,german_description,greek_name,greek_description,hungarian_name,hungarian_description,italian_name,italian_description,japanese_name,japanese_description,koreana_name,koreana_description,latam_name,latam_description,norwegian_name,norwegian_description,polish_name,polish_description,portuguese_name,portuguese_description,russian_name,russian_description,spanish_name,spanish_description,swedish_name,swedish_description,turkish_name,turkish_description,library_english_name,library_english_description,library_schinese_name,library_schinese_description,library_tchinese_name,library_tchinese_description,library_arabic_name,library_arabic_description,library_brazilian_name,library_brazilian_description,library_czech_name,library_czech_description,library_danish_name,library_danish_description,library_dutch_name,library_dutch_description,library_finnish_name,library_finnish_description,library_french_name,library_french_description,library_german_name,library_german_description,library_greek_name,library_greek_description,library_hungarian_name,library_hungarian_description,library_italian_name,library_italian_description,library_japanese_name,library_japanese_description,library_koreana_name,library_koreana_description,library_latam_name,library_latam_description,library_norwegian_name,library_norwegian_description,library_polish_name,library_polish_description,library_portuguese_name,library_portuguese_description,library_russian_name,library_russian_description,library_spanish_name,library_spanish_description,library_swedish_name,library_swedish_description,library_turkish_name,library_turkish_description,target_name,target_description,translation_notes
48,SURVIVORS,Everyone is alive at the end,成功生還,所有人最後都成功活下來,ناجون,الجميع على قيد الحياة في النهاية,SOBREVIVENTES,Todos ficaram vivos no final,PŘEŽIVŠÍ,Všichni přežijí až do konce.,OVERLEVENDE,Alle er i live til slut,DOORZETTERS,Iedereen leeft nog aan het einde,SELVIYTYJÄT,Kaikki ovat lopussa elossa,SURVIVANTS,Tout le monde a survécu jusqu'au bout,ÜBERLEBENDE,Am Ende haben alle überlebt,ΕΠΙΖΗΣΑΝΤΕΣ,Όλοι οι χαρακτήρες επιβιώνουν στο τέλος της ιστορίας,TÚLÉLŐK,A végén mindenki életben van,SOPRAVVISSUTI,Tutti sono vivi alla fine.,生存者,エンディングで全員生き残った,생존자들,모두가 끝까지 살아남았습니다.,SUPERVIVIENTES,Todos llegan vivos al final.,OVERLEVENDE,Alle er i live ved spillets slutt,OCALENI,Wszyscy przetrwali do końca,SOBREVIVENTES,Todos estão vivos no fim,УЦЕЛЕВШИЕ,Все герои остались в живых,SUPERVIVIENTES,Todos están vivos al final.,ÖVERLEVARE,Alla lever i slutet.,HAYATTA KALANLAR,Herkes hayatta kalarak sona ulaştı,SURVIVORS,Everyone is alive at the end,成功生还,所有人最后都成功活下来,成功生還,所有人最後都成功活下來,ناجون,الجميع على قيد الحياة في النهاية,SOBREVIVENTES,Todos ficaram vivos no final,PŘEŽIVŠÍ,Všichni přežijí až do konce.,OVERLEVENDE,Alle er i live til slut,DOORZETTERS,Iedereen leeft nog aan het einde,SELVIYTYJÄT,Kaikki ovat lopussa elossa,SURVIVANTS,Tout le monde a survécu jusqu'au bout,ÜBERLEBENDE,Am Ende haben alle überlebt,ΕΠΙΖΗΣΑΝΤΕΣ,Όλοι οι χαρακτήρες επιβιώνουν στο τέλος της ιστορίας,TÚLÉLŐK,A végén mindenki életben van,SOPRAVVISSUTI,Tutti sono vivi alla fine.,生存者,エンディングで全員生き残った,생존자들,모두가 끝까지 살아남았습니다.,SUPERVIVIENTES,Todos llegan vivos al final.,OVERLEVENDE,Alle er i live ved spillets slutt,OCALENI,Wszyscy przetrwali do końca,SOBREVIVENTES,Todos estão vivos no fim,УЦЕЛЕВШИЕ,Все герои остались в живых,SUPERVIVIENTES,Todos están vivos al final.,ÖVERLEVARE,Alla lever i slutet.,HAYATTA KALANLAR,Herkes hayatta kalarak sona ulaştı,成功生还,所有人最后都成功活下来,采用已验证的既有译本：GaBoron 成就翻译库 1222140 条目（schinese）。本机 schema 与该参考的英文原文逐条完全一致（共 48 条），确认为同一成就集与版本；已逐条对照英文原文复核后采用，未作改写。
1,THANK YOU,Play the first chapter,感謝支持,進行第一個章節,شكرًا جزيلًا,العب المشهد الأول,OBRIGADO,Jogue o primeiro capítulo,DÍKY,Odehrajte první kapitolu.,TAK,Spil det første kapitel,BEDANKT,Speel het eerste hoofdstuk,KIITOS,Pelaa ensimmäinen luku,MERCI,Jouez le premier chapitre,VIELEN DANK,Erstes Kapitel spielen,ΕΥΧΑΡΙΣΤΟΥΜΕ,Παίξε το πρώτο κεφάλαιο,KÖSZÖNJÜK,Játszd le az első fejezetet,GRAZIE,Gioca il primo capitolo.,THANK YOU,最初のシーンをプレイする,THANK YOU,첫 챕터를 플레이했습니다.,GRACIAS,Juega el primer capítulo.,TAKK,Spill det første kapittelet,DZIĘKUJEMY,Rozegraj pierwszy rozdział,OBRIGADO,Joga o primeiro capítulo,СПАСИБО,Сыграть в первую главу,GRACIAS,Juega el primer capítulo.,TACK,Spela första kapitlet.,TEŞEKKÜRLER,İlk bölümü oyna,THANK YOU,Play the first chapter,感谢支持,进行第一个章节,感謝支持,進行第一個章節,شكرًا جزيلًا,العب المشهد الأول,OBRIGADO,Jogue o primeiro capítulo,DÍKY,Odehrajte první kapitolu.,TAK,Spil det første kapitel,BEDANKT,Speel het eerste hoofdstuk,KIITOS,Pelaa ensimmäinen luku,MERCI,Jouez le premier chapitre,VIELEN DANK,Erstes Kapitel spielen,ΕΥΧΑΡΙΣΤΟΥΜΕ,Παίξε το πρώτο κεφάλαιο,KÖSZÖNJÜK,Játszd le az első fejezetet,GRAZIE,Gioca il primo capitolo.,THANK YOU,最初のシーンをプレイする,THANK YOU,첫 챕터를 플레이했습니다.,GRACIAS,Juega el primer capítulo.,TAKK,Spill det første kapittelet,DZIĘKUJEMY,Rozegraj pierwszy rozdział,OBRIGADO,Joga o primeiro capítulo,СПАСИБО,Сыграть в первую главу,GRACIAS,Juega el primer capítulo.,TACK,Spela första kapitlet.,TEŞEKKÜRLER,İlk bölümü oyna,感谢支持,进行第一个章节,采用已验证的既有译本：GaBoron 成就翻译库 1222140 条目（schinese）。本机 schema 与该参考的英文原文逐条完全一致（共 48 条），确认为同一成就集与版本；已逐条对照英文原文复核后采用，未作改写。
47,THESE ARE OUR STORIES,"Spend 20,000 bonus points",這是我們的故事,"花費20,000獎勵點數",هذه قصصنا,اصرف 20،000 نقطة مكافأة,ESSAS SÃO AS NOSSAS HISTÓRIAS,Gastou 20.000 pontos de bônus,TOHLE JSOU NAŠE PŘÍBĚHY,Utraťte 20 000 bonusových bodů.,DISSE ER VORES HISTORIER,Brug 20.000 bonuspoint,DIT ZIJN ONZE VERHALEN,Besteed 20.000 bonuspunten,NÄMÄ OVAT MEIDÄN TARINAMME,Käytä 20 000 bonuspistettä,CE SONT NOS HISTOIRES,Dépensez 20 000 points suppléments,DAS SIND UNSERE GESCHICHTEN,Gib 20.000 Bonuspunkte aus,ΑΥΤΕΣ ΕΙΝΑΙ ΟΙ ΙΣΤΟΡΙΕΣ ΜΑΣ,Ξόδεψε 20.000 μπόνους πόντους,EZEK A MI TÖRTÉNETEINK,Költs el 20 000 bónuszpontot,QUESTE SONO LE NOSTRE STORIE,Spendi 20.000 punti bonus.,すべて私たちの物語,"ボーナスポイントを20,000ポイント使った",이것이 우리의 이야기,"20,000 보너스 포인트를 사용했습니다.",ESTAS SON NUESTRAS HISTORIAS,Gasta 20 000 puntos de bonificación.,DETTE ER VÅRE HISTORIER,Bruk 20 000 bonuspoeng,TO NASZE HISTORIE,"Wydaj 20,000 punktów premii",ESTAS SÃO AS NOSSAS HISTÓRIAS,Gasta 20 000 pontos bónus,ЭТО НАШИ ИСТОРИИ,Вы потратили 20 000 бонусных очков,ESTAS SON NUESTRAS HISTORIAS,Gasta 20 000 puntos de bonificación.,DET HÄR ÄR VÅRA BERÄTTELSER,Spendera 20 000 bonuspoäng.,BUNLAR BİZİM HİKÂYELERİMİZ,20.000 Bonus Puan harca,THESE ARE OUR STORIES,"Spend 20,000 bonus points",这是我们的故事,"花费20,000奖励点数",這是我們的故事,"花費20,000獎勵點數",هذه قصصنا,اصرف 20،000 نقطة مكافأة,ESSAS SÃO AS NOSSAS HISTÓRIAS,Gastou 20.000 pontos de bônus,TOHLE JSOU NAŠE PŘÍBĚHY,Utraťte 20 000 bonusových bodů.,DISSE ER VORES HISTORIER,Brug 20.000 bonuspoint,DIT ZIJN ONZE VERHALEN,Besteed 20.000 bonuspunten,NÄMÄ OVAT MEIDÄN TARINAMME,Käytä 20 000 bonuspistettä,CE SONT NOS HISTOIRES,Dépensez 20 000 points suppléments,DAS SIND UNSERE GESCHICHTEN,Gib 20.000 Bonuspunkte aus,ΑΥΤΕΣ ΕΙΝΑΙ ΟΙ ΙΣΤΟΡΙΕΣ ΜΑΣ,Ξόδεψε 20.000 μπόνους πόντους,EZEK A MI TÖRTÉNETEINK,Költs el 20 000 bónuszpontot,QUESTE SONO LE NOSTRE STORIE,Spendi 20.000 punti bonus.,すべて私たちの物語,"ボーナスポイントを20,000ポイント使った",이것이 우리의 이야기,"20,000 보너스 포인트를 사용했습니다.",ESTAS SON NUESTRAS HISTORIAS,Gasta 20 000 puntos de bonificación.,DETTE ER VÅRE HISTORIER,Bruk 20 000 bonuspoeng,TO NASZE HISTORIE,"Wydaj 20,000 punktów premii",ESTAS SÃO AS NOSSAS HISTÓRIAS,Gasta 20 000 pontos bónus,ЭТО НАШИ ИСТОРИИ,Вы потратили 20 000 бонусных очков,ESTAS SON NUESTRAS HISTORIAS,Gasta 20 000 puntos de bonificación.,DET HÄR ÄR VÅRA BERÄTTELSER,Spendera 20 000 bonuspoäng.,BUNLAR BİZİM HİKÂYELERİMİZ,20.000 Bonus Puan harca,这是我们的故事,"花费20,000奖励点数",采用已验证的既有译本：GaBoron 成就翻译库 1222140 条目（schinese）。本机 schema 与该参考的英文原文逐条完全一致（共 48 条），确认为同一成就集与版本；已逐条对照英文原文复核后采用，未作改写。
2,MISSION ACCOMPLISHED,Connor saved Emma,任務完成,康納救了艾瑪一命,انتهت المهمة بنجاح,"""كونر"" أنقذ ""إيما""",MISSÃO CUMPRIDA,Connor salvou a Emma,MISE SPLNĚNA,Connor zachránil Emmu.,MISSION FULDFØRT,Connor reddede Emma,MISSIE VOLBRACHT,Connor heeft Emma gered,TEHTÄVÄ SUORITETTU,Connor pelasti Emman,MISSION ACCOMPLIE,Connor a sauvé Emma,MISSION ERFÜLLT,Connor hat Emma gerettet,ΑΠΟΣΤΟΛΗ ΕΞΕΤΕΛΕΣΘΗ,Ο Connor έσωσε την Emma,KÜLDETÉS TELJESÍTVE,Connor megmentette Emmát,MISSIONE COMPIUTA,Connor ha salvato Emma.,ミッション成功,コナーがエマを救った,임무 완수,코너가 엠마를 구출하였습니다.,MISIÓN CUMPLIDA,Connor salvó a Emma.,OPPDRAG UTFØRT,Connor reddet Emma,ZADANIE WYKONANE,Connor uratował Emmę,MISSÃO CUMPRIDA,Connor salva a Emma,ЗАДАНИЕ ЗАВЕРШЕНО,Коннор спас Эмму,MISIÓN CUMPLIDA,Connor ha salvado a Emma.,UPPDRAG SLUTFÖRT,Connor räddade Emma.,GÖREV BAŞARILI,"Connor, Emma'yı kurtardı",MISSION ACCOMPLISHED,Connor saved Emma,任务完成,康纳救了艾玛一命,任務完成,康納救了艾瑪一命,انتهت المهمة بنجاح,"""كونر"" أنقذ ""إيما""",MISSÃO CUMPRIDA,Connor salvou a Emma,MISE SPLNĚNA,Connor zachránil Emmu.,MISSION FULDFØRT,Connor reddede Emma,MISSIE VOLBRACHT,Connor heeft Emma gered,TEHTÄVÄ SUORITETTU,Connor pelasti Emman,MISSION ACCOMPLIE,Connor a sauvé Emma,MISSION ERFÜLLT,Connor hat Emma gerettet,ΑΠΟΣΤΟΛΗ ΕΞΕΤΕΛΕΣΘΗ,Ο Connor έσωσε την Emma,KÜLDETÉS TELJESÍTVE,Connor megmentette Emmát,MISSIONE COMPIUTA,Connor ha salvato Emma.,ミッション成功,コナーがエマを救った,임무 완수,코너가 엠마를 구출하였습니다.,MISIÓN CUMPLIDA,Connor salvó a Emma.,OPPDRAG UTFØRT,Connor reddet Emma,ZADANIE WYKONANE,Connor uratował Emmę,MISSÃO CUMPRIDA,Connor salva a Emma,ЗАДАНИЕ ЗАВЕРШЕНО,Коннор спас Эмму,MISIÓN CUMPLIDA,Connor ha salvado a Emma.,UPPDRAG SLUTFÖRT,Connor räddade Emma.,GÖREV BAŞARILI,"Connor, Emma'yı kurtardı",任务完成,康纳救了艾玛一命,采用已验证的既有译本：GaBoron 成就翻译库 1222140 条目（schinese）。本机 schema 与该参考的英文原文逐条完全一致（共 48 条），确认为同一成就集与版本；已逐条对照英文原文复核后采用，未作改写。
3,SECRETS,Kara discovered the content of Alice's box,祕密,卡菈發現愛麗絲盒子裡的東西,أسرار,"اكتشفت ""كارا"" محتوى صندوق ""أليس""",SEGREDOS,Kara descobriu o que havia na caixa da Alice,TAJEMSTVÍ,"Kara zjistila, co se skrývá v Alicině krabičce.",HEMMELIGHEDER,Kara så indholdet i Alices æske,GEHEIMEN,Kara heeft de inhoud van Alice' kistje ontdekt,SALAISUUDET,Kara sai selville Alicen lippaan sisällön,SECRETS,Kara a découvert le contenu de la boîte d'Alice,GEHEIMNISSE,Kara hat den Inhalt von Alice‘ Box entdeckt,ΜΥΣΤΙΚΑ,Η Kara βρήκε τι είχε μέσα το σεντούκι της Alice,TITKOK,Kara felfedezte Alice dobozának titkát,SEGRETI,Kara ha scoperto il contenuto del cofanetto di Alice.,秘密,カーラがアリスの箱の中身を見た,비밀,카라가 앨리스의 상자 안을 확인했습니다.,SECRETOS,Kara descubrió qué contenía la caja de Alice.,HEMMELIGHETER,Kara oppdaget innholdet i Alices boks,TAJEMNICE,Kara odkryła zawartość skrzynki Alice,SEGREDOS,Kara descobre o conteúdo da caixa da Alice,СЕКРЕТЫ,Кэра заглянула в коробку Алисы,SECRETOS,Kara ha descubierto el contenido de la caja de Alice.,HEMLIGHETER,Kara fick reda på vad som finns i Alices skrin.,SIRLAR,"Kara, Alice'in kutusundakileri keşfetti",SECRETS,Kara discovered the content of Alice's box,秘密,卡菈发现爱丽丝盒子里的东西,祕密,卡菈發現愛麗絲盒子裡的東西,أسرار,"اكتشفت ""كارا"" محتوى صندوق ""أليس""",SEGREDOS,Kara descobriu o que havia na caixa da Alice,TAJEMSTVÍ,"Kara zjistila, co se skrývá v Alicině krabičce.",HEMMELIGHEDER,Kara så indholdet i Alices æske,GEHEIMEN,Kara heeft de inhoud van Alice' kistje ontdekt,SALAISUUDET,Kara sai selville Alicen lippaan sisällön,SECRETS,Kara a découvert le contenu de la boîte d'Alice,GEHEIMNISSE,Kara hat den Inhalt von Alice‘ Box entdeckt,ΜΥΣΤΙΚΑ,Η Kara βρήκε τι είχε μέσα το σεντούκι της Alice,TITKOK,Kara felfedezte Alice dobozának titkát,SEGRETI,Kara ha scoperto il contenuto del cofanetto di Alice.,秘密,カーラがアリスの箱の中身を見た,비밀,카라가 앨리스의 상자 안을 확인했습니다.,SECRETOS,Kara descubrió qué contenía la caja de Alice.,HEMMELIGHETER,Kara oppdaget innholdet i Alices boks,TAJEMNICE,Kara odkryła zawartość skrzynki Alice,SEGREDOS,Kara descobre o conteúdo da caixa da Alice,СЕКРЕТЫ,Кэра заглянула в коробку Алисы,SECRETOS,Kara ha descubierto el contenido de la caja de Alice.,HEMLIGHETER,Kara fick reda på vad som finns i Alices skrin.,SIRLAR,"Kara, Alice'in kutusundakileri keşfetti",秘密,卡菈发现爱丽丝盒子里的东西,采用已验证的既有译本：GaBoron 成就翻译库 1222140 条目（schinese）。本机 schema 与该参考的英文原文逐条完全一致（共 48 条），确认为同一成就集与版本；已逐条对照英文原文复核后采用，未作改写。
4,DEVIANT LOCATED,Connor found the deviant in the attic,發現異常仿生人,康納在閣樓找到異常仿生人,"حدد موقع الـ""متغيّر""","عثر ""كونر"" على الـ""متغيّر"" في العلية",DIVERGENTE LOCALIZADO,Connor encontrou o divergente no sótão,DEVIANT ODHALEN,Connor našel devianta v podkroví.,AFVIGER LOKALISERET,Connor fandt afvigeren på loftet,DEVIANT GEVONDEN,Connor heeft de deviant op zolder gevonden,POIKKEAVA LÖYDETTY,Connor löysi poikkeavan ullakolta,DÉVIANT LOCALISÉ,Connor a trouvé le déviant au grenier,ABWEICHLER GEFUNDEN,Connor hat den Abweichler auf dem Dachboden entdeckt,ΕΝΤΟΠΙΣΜΟΣ ΑΠΟΚΛΙΝΟΝΤΟΣ,Ο Connor βρήκε το αποκλίνον στη σοφίτα,DEVIÁNS MEGTALÁLVA,Connor megtalálta a deviánst a padláson,DEVIANTE INDIVIDUATO,Connor ha trovato il deviante nella soffitta.,変異体発見,コナーが屋根裏で変異体を発見した,불량품 발견,코너가 다락에서 불량품을 발견했습니다.,DIVERGENTE LOCALIZADO,Connor encontró al divergente en el ático.,AVVIKER LOKALISERT,Connor fant avvikeren på loftet,DEFEKT NAMIERZONY,Connor znalazł defekta na strychu,DIVERGENTE LOCALIZADO,Connor encontra o divergente no sótão,ДЕВИАНТ ОБНАРУЖЕН,Коннор нашел девианта на чердаке,DIVERGENTE LOCALIZADO,Connor ha encontrado al divergente en el desván.,AVVIKARE LOKALISERAD,Connor hittade avvikaren på vinden.,AYKIRI SAPTANDI,Connor aykırıyı tavanarasında buldu,DEVIANT LOCATED,Connor found the deviant in the attic,发现异常仿生人,康纳在阁楼找到异常仿生人,發現異常仿生人,康納在閣樓找到異常仿生人,"حدد موقع الـ""متغيّر""","عثر ""كونر"" على الـ""متغيّر"" في العلية",DIVERGENTE LOCALIZADO,Connor encontrou o divergente no sótão,DEVIANT ODHALEN,Connor našel devianta v podkroví.,AFVIGER LOKALISERET,Connor fandt afvigeren på loftet,DEVIANT GEVONDEN,Connor heeft de deviant op zolder gevonden,POIKKEAVA LÖYDETTY,Connor löysi poikkeavan ullakolta,DÉVIANT LOCALISÉ,Connor a trouvé le déviant au grenier,ABWEICHLER GEFUNDEN,Connor hat den Abweichler auf dem Dachboden entdeckt,ΕΝΤΟΠΙΣΜΟΣ ΑΠΟΚΛΙΝΟΝΤΟΣ,Ο Connor βρήκε το αποκλίνον στη σοφίτα,DEVIÁNS MEGTALÁLVA,Connor megtalálta a deviánst a padláson,DEVIANTE INDIVIDUATO,Connor ha trovato il deviante nella soffitta.,変異体発見,コナーが屋根裏で変異体を発見した,불량품 발견,코너가 다락에서 불량품을 발견했습니다.,DIVERGENTE LOCALIZADO,Connor encontró al divergente en el ático.,AVVIKER LOKALISERT,Connor fant avvikeren på loftet,DEFEKT NAMIERZONY,Connor znalazł defekta na strychu,DIVERGENTE LOCALIZADO,Connor encontra o divergente no sótão,ДЕВИАНТ ОБНАРУЖЕН,Коннор нашел девианта на чердаке,DIVERGENTE LOCALIZADO,Connor ha encontrado al divergente en el desván.,AVVIKARE LOKALISERAD,Connor hittade avvikaren på vinden.,AYKIRI SAPTANDI,Connor aykırıyı tavanarasında buldu,发现异常仿生人,康纳在阁楼找到异常仿生人,采用已验证的既有译本：GaBoron 成就翻译库 1222140 条目（schinese）。本机 schema 与该参考的英文原文逐条完全一致（共 48 条），确认为同一成就集与版本；已逐条对照英文原文复核后采用，未作改写。
5,WE ARE FREE,Kara and Alice escaped Todd's House,我們是自由的,卡菈和愛麗絲逃出了陶德的家,نحن أحرار,"هربت ""كارا"" و""أليس"" من منزل ""تود""",ESTAMOS LIVRES,Kara e Alice escaparam da casa do Todd,JSME VOLNÉ,Kara a Alice utekly z Toddova domu.,VI ER FRIE,Kara og Alice flygtede fra Todds hus,WE ZIJN VRIJ,Kara en Alice zijn ontsnapt uit het huis van Todd,ME OLEMME VAPAITA,Kara ja Alice pakenivat Toddin kotoa,NOUS SOMMES LIBRES,Kara et Alice se sont échappées de chez Todd,WIR SIND FREI,Kara und Alice sind aus Todds Haus entkommen,ΕΙΜΑΣΤΕ ΕΛΕΥΘΕΡΟΙ,Οι Kara και Alice ξέφυγαν από το σπίτι του Todd,SZABADOK VAGYUNK,Kara és Alice elmenekült Todd házából,SIAMO LIBERE,Kara e Alice sono fuggite dalla casa di Todd.,自由,カーラとアリスがトッドの家から逃げ出した,우리는 자유다,카라와 앨리스가 토드의 집에서 탈출했습니다.,SOMOS LIBRES,Kara y Alice escaparon de la casa de Todd.,VI ER FRIE,Kara og Alice rømte fra huset til Todd,JESTEŚMY WOLNE,Kara i Alice uciekły z domu Todda,NÓS SOMOS LIVRES,Kara e Alice escapam da casa do Todd,МЫ СВОБОДНЫ,Кэра и Алиса сбежали из дома Тодда,SOMOS LIBRES,Kara y Alice se han escapado de la casa de Todd.,VI ÄR FRIA,Kara och Alice rymde från Todds hus.,ÖZGÜRÜZ,"Kara ve Alice, Todd'un evinden kaçtı",WE ARE FREE,Kara and Alice escaped Todd's House,我们是自由的,卡菈和爱丽丝逃出了陶德的家,我們是自由的,卡菈和愛麗絲逃出了陶德的家,نحن أحرار,"هربت ""كارا"" و""أليس"" من منزل ""تود""",ESTAMOS LIVRES,Kara e Alice escaparam da casa do Todd,JSME VOLNÉ,Kara a Alice utekly z Toddova domu.,VI ER FRIE,Kara og Alice flygtede fra Todds hus,WE ZIJN VRIJ,Kara en Alice zijn ontsnapt uit het huis van Todd,ME OLEMME VAPAITA,Kara ja Alice pakenivat Toddin kotoa,NOUS SOMMES LIBRES,Kara et Alice se sont échappées de chez Todd,WIR SIND FREI,Kara und Alice sind aus Todds Haus entkommen,ΕΙΜΑΣΤΕ ΕΛΕΥΘΕΡΟΙ,Οι Kara και Alice ξέφυγαν από το σπίτι του Todd,SZABADOK VAGYUNK,Kara és Alice elmenekült Todd házából,SIAMO LIBERE,Kara e Alice sono fuggite dalla casa di Todd.,自由,カーラとアリスがトッドの家から逃げ出した,우리는 자유다,카라와 앨리스가 토드의 집에서 탈출했습니다.,SOMOS LIBRES,Kara y Alice escaparon de la casa de Todd.,VI ER FRIE,Kara og Alice rømte fra huset til Todd,JESTEŚMY WOLNE,Kara i Alice uciekły z domu Todda,NÓS SOMOS LIVRES,Kara e Alice escapam da casa do Todd,МЫ СВОБОДНЫ,Кэра и Алиса сбежали из дома Тодда,SOMOS LIBRES,Kara y Alice se han escapado de la casa de Todd.,VI ÄR FRIA,Kara och Alice rymde från Todds hus.,ÖZGÜRÜZ,"Kara ve Alice, Todd'un evinden kaçtı",我们是自由的,卡菈和爱丽丝逃出了陶德的家,采用已验证的既有译本：GaBoron 成就翻译库 1222140 条目（schinese）。本机 schema 与该参考的英文原文逐条完全一致（共 48 条），确认为同一成就集与版本；已逐条对照英文原文复核后采用，未作改写。
6,DEFEND YOURSELF,Markus pushed Leo,自我防衛,馬庫斯推開李奧,دافع عن نفسك,"""ماركوس"" دفع ""ليو""",LEGÍTIMA DEFESA,Markus empurrou Leo,SEBEOBRANAF,Markus odstrčil Lea.,FORSVAR DIG SELV,Markus skubbede Leo,VERDEDIG JEZELF,Markus heeft Leo geduwd,PUOLUSTA ITSEÄSI,Markus tönäisi Leoa,LÉGITIME DÉFENSE,Markus a poussé Leo,VERTEIDIGE DICH,Markus hat Leo gestoßen,ΥΠΕΡΑΣΠΙΣΟΥ ΤΟΝ ΕΑΥΤΟ ΣΟΥ,Ο Markus έσπρωξε τον Leo,VÉDD MEG MAGAD,Markus meglökte Leót,DIFENDITI!,Markus ha spintonato Leo.,自己防衛,マーカスがレオを押し倒した,자기방어,마커스가 리오를 밀쳤습니다.,DEFIÉNDETE,Markus empujó a Leo.,FORSVAR DEG,Markus dyttet Leo,OBRONA WŁASNA,Markus popchnął Leo,DEFENDE-TE,Markus empurra o Leo,САМОЗАЩИТА,Маркус толкнул Лео,DEFENSA PROPIA,Markus ha empujado a Leo.,FÖRSVARA DIG,Markus knuffade Leo.,KENDİNİ SAVUN,"Markus, Leo'yu itti",DEFEND YOURSELF,Markus pushed Leo,自我防卫,马库斯推开李奥,自我防衛,馬庫斯推開李奧,دافع عن نفسك,"""ماركوس"" دفع ""ليو""",LEGÍTIMA DEFESA,Markus empurrou Leo,SEBEOBRANAF,Markus odstrčil Lea.,FORSVAR DIG SELV,Markus skubbede Leo,VERDEDIG JEZELF,Markus heeft Leo geduwd,PUOLUSTA ITSEÄSI,Markus tönäisi Leoa,LÉGITIME DÉFENSE,Markus a poussé Leo,VERTEIDIGE DICH,Markus hat Leo gestoßen,ΥΠΕΡΑΣΠΙΣΟΥ ΤΟΝ ΕΑΥΤΟ ΣΟΥ,Ο Markus έσπρωξε τον Leo,VÉDD MEG MAGAD,Markus meglökte Leót,DIFENDITI!,Markus ha spintonato Leo.,自己防衛,マーカスがレオを押し倒した,자기방어,마커스가 리오를 밀쳤습니다.,DEFIÉNDETE,Markus empujó a Leo.,FORSVAR DEG,Markus dyttet Leo,OBRONA WŁASNA,Markus popchnął Leo,DEFENDE-TE,Markus empurra o Leo,САМОЗАЩИТА,Маркус толкнул Лео,DEFENSA PROPIA,Markus ha empujado a Leo.,FÖRSVARA DIG,Markus knuffade Leo.,KENDİNİ SAVUN,"Markus, Leo'yu itti",自我防卫,马库斯推开李奥,采用已验证的既有译本：GaBoron 成就翻译库 1222140 条目（schinese）。本机 schema 与该参考的英文原文逐条完全一致（共 48 条），确认为同一成就集与版本；已逐条对照英文原文复核后采用，未作改写。
7,SELF-CONTROL,Markus let Leo win,自制能力,馬庫斯故意輸給李奧,تحكم في النفس,"ترك ""ماركوس"" ""ليو"" يفوز",AUTOCONTROLE,Markus deixou Leo vencer,SEBEOVLÁDÁNÍ,Markus nechal Lea vyhrát.,SELVKONTROL,Markus lod Leo vinde,ZELFBEHEERSING,Markus heeft Leo laten winnen,ITSEHILLINTÄ,Markus antoi Leon voittaa,SANG-FROID,Markus a laissé Leo gagner,SELBSTKONTROLLE,Markus hat Leo gewinnen lassen,ΑΥΤΟΣΥΓΚΡΑΤΗΣΗ,Ο Markus άφησε τον Leo να κερδίσει,ÖNURALOM,Markus hagyta nyerni Leót,AUTOCONTROLLO,Markus ha lasciato vincere Leo.,自制心,マーカスがレオにやり返さなかった,자제력,마커스가 리오에게 반격하지 않았습니다.,AUTOCONTROL,Markus dejó ganar a Leo.,SELVBEHERSKELSE,Markus lot Leo vinne,SAMOKONTROLA,Markus pozwolił Leo wygrać,AUTODOMÍNIO,Markus deixa o Leo vencer,САМОКОНТРОЛЬ,Маркус позволил Лео победить,AUTOCONTROL,Markus ha dejado ganar a Leo.,SJÄLVBEHÄRSKNING,Markus lät Leo vinna.,İRADE,"Markus, Leo'nun kazanmasına izin verdi",SELF-CONTROL,Markus let Leo win,自制能力,马库斯故意输给李奥,自制能力,馬庫斯故意輸給李奧,تحكم في النفس,"ترك ""ماركوس"" ""ليو"" يفوز",AUTOCONTROLE,Markus deixou Leo vencer,SEBEOVLÁDÁNÍ,Markus nechal Lea vyhrát.,SELVKONTROL,Markus lod Leo vinde,ZELFBEHEERSING,Markus heeft Leo laten winnen,ITSEHILLINTÄ,Markus antoi Leon voittaa,SANG-FROID,Markus a laissé Leo gagner,SELBSTKONTROLLE,Markus hat Leo gewinnen lassen,ΑΥΤΟΣΥΓΚΡΑΤΗΣΗ,Ο Markus άφησε τον Leo να κερδίσει,ÖNURALOM,Markus hagyta nyerni Leót,AUTOCONTROLLO,Markus ha lasciato vincere Leo.,自制心,マーカスがレオにやり返さなかった,자제력,마커스가 리오에게 반격하지 않았습니다.,AUTOCONTROL,Markus dejó ganar a Leo.,SELVBEHERSKELSE,Markus lot Leo vinne,SAMOKONTROLA,Markus pozwolił Leo wygrać,AUTODOMÍNIO,Markus deixa o Leo vencer,САМОКОНТРОЛЬ,Маркус позволил Лео победить,AUTOCONTROL,Markus ha dejado ganar a Leo.,SJÄLVBEHÄRSKNING,Markus lät Leo vinna.,İRADE,"Markus, Leo'nun kazanmasına izin verdi",自制能力,马库斯故意输给李奥,采用已验证的既有译本：GaBoron 成就翻译库 1222140 条目（schinese）。本机 schema 与该参考的英文原文逐条完全一致（共 48 条），确认为同一成就集与版本；已逐条对照英文原文复核后采用，未作改写。
8,CONFESSION,Connor made the android confess,坦承犯案,康納讓仿生人招供了,اعتراف,"جعل ""كونر"" الأندرويد يعترف",CONFISSÃO,Connor arrancou a confissão do androide,PŘIZNÁNÍ,Connor dotlačil androida k přiznání.,TILSTÅELSE,Connor fik androiden til at tilstå,BEKENTENIS,Connor heeft de android laten bekennen,TUNNUSTUS,Connor sai androidin tunnustamaan,AVEUX,Connor a réussi à faire avouer l'androïde,GESTÄNDNIS,Connor hat den Androiden zum Reden gebracht,ΕΞΟΜΟΛΟΓΗΣΗ,Ο Connor απέσπασε την ομολογία του ανδροειδούς,VALLOMÁS,Connor vallomást csikart ki az androidból,CONFESSIONE,Connor ha fatto confessare l'androide.,自白,コナーがアンドロイドに自白させた,자백,코너가 안드로이드를 자백시켰습니다.,CONFESIÓN,Connor logró que el androide confesara.,TILSTÅELSE,Connor fikk androiden til å tilstå,ZEZNANIE,"Connor sprawił, że android złożył zeznanie",CONFISSÃO,Connor faz com que o androide confesse,ПРИЗНАНИЕ,Коннор заставил андроида признаться,CONFESIÓN,Connor ha conseguido que el androide confesara.,ERKÄNNANDE,Connor fick androiden att erkänna.,İTİRAF,"Connor, androidin itiraf etmesini sağladı",CONFESSION,Connor made the android confess,坦承犯案,康纳让仿生人招供了,坦承犯案,康納讓仿生人招供了,اعتراف,"جعل ""كونر"" الأندرويد يعترف",CONFISSÃO,Connor arrancou a confissão do androide,PŘIZNÁNÍ,Connor dotlačil androida k přiznání.,TILSTÅELSE,Connor fik androiden til at tilstå,BEKENTENIS,Connor heeft de android laten bekennen,TUNNUSTUS,Connor sai androidin tunnustamaan,AVEUX,Connor a réussi à faire avouer l'androïde,GESTÄNDNIS,Connor hat den Androiden zum Reden gebracht,ΕΞΟΜΟΛΟΓΗΣΗ,Ο Connor απέσπασε την ομολογία του ανδροειδούς,VALLOMÁS,Connor vallomást csikart ki az androidból,CONFESSIONE,Connor ha fatto confessare l'androide.,自白,コナーがアンドロイドに自白させた,자백,코너가 안드로이드를 자백시켰습니다.,CONFESIÓN,Connor logró que el androide confesara.,TILSTÅELSE,Connor fikk androiden til å tilstå,ZEZNANIE,"Connor sprawił, że android złożył zeznanie",CONFISSÃO,Connor faz com que o androide confesse,ПРИЗНАНИЕ,Коннор заставил андроида признаться,CONFESIÓN,Connor ha conseguido que el androide confesara.,ERKÄNNANDE,Connor fick androiden att erkänna.,İTİRAF,"Connor, androidin itiraf etmesini sağladı",坦承犯案,康纳让仿生人招供了,采用已验证的既有译本：GaBoron 成就翻译库 1222140 条目（schinese）。本机 schema 与该参考的英文原文逐条完全一致（共 48 条），确认为同一成就集与版本；已逐条对照英文原文复核后采用，未作改写。
9,SHELTER,Kara and Alice slept in the motel or the squat,遮風避雨,卡菈和愛麗絲在旅館或空屋過夜,المأوى,"نامت ""كارا"" و""أليس"" في النُزل أو المأوى",ABRIGO,Kara e Alice dormiram no casebre ou no motel,PŘÍSTŘEŠÍ,Kara a Alice se vyspaly v motelu nebo ve squatu.,TILFLUGTSSTED,Kara og Alice sov på motellet eller i det forladte hus,ONDERDAK,Kara en Alice hebben in het motel of het kraakpand geslapen,SUOJA,Kara ja Alice nukkuivat motellissa tai autiotalossa,ABRI,Kara et Alice ont dormi au motel ou dans le squat,UNTERSCHLUPF,Kara und Alice haben im Motel oder im Haus übernachtet,ΚΑΤΑΦΥΓΙΟ,Οι Kara και Alice κοιμήθηκαν στο μοτέλ ή στο καταφύγιο,BÚVÓHELY,Kara és Alice a motelban vagy a romos házban aludtak,RIFUGIO,Kara e Alice hanno dormito nel motel o nella casa abbandonata.,一晩の宿,カーラとアリスがモーテルか廃屋に泊まった,피난처,카라와 앨리스가 모텔 또는 폐가에 머물렀습니다.,REFUGIO,Kara y Alice durmieron en el motel o en el escondite.,LY,Kara og Alice sov på motellet eller i huset,SCHRONIENIE,Kara i Alice spędziły noc w motelu lub squacie,ABRIGO,Kara e Alice dormem no motel ou no pardieiro,НОЧЛЕГ,Кэра и Алиса заночевали в мотеле или в пустом доме,REFUGIO,Kara y Alice han dormido en el motel o en la casa abandonada.,HUSRUM,Kara och Alice sov på motellet eller i ödehuset.,SIĞINAK,Kara ve Alice motelde veya konutta uyudu,SHELTER,Kara and Alice slept in the motel or the squat,遮风避雨,卡菈和爱丽丝在旅馆或空屋过夜,遮風避雨,卡菈和愛麗絲在旅館或空屋過夜,المأوى,"نامت ""كارا"" و""أليس"" في النُزل أو المأوى",ABRIGO,Kara e Alice dormiram no casebre ou no motel,PŘÍSTŘEŠÍ,Kara a Alice se vyspaly v motelu nebo ve squatu.,TILFLUGTSSTED,Kara og Alice sov på motellet eller i det forladte hus,ONDERDAK,Kara en Alice hebben in het motel of het kraakpand geslapen,SUOJA,Kara ja Alice nukkuivat motellissa tai autiotalossa,ABRI,Kara et Alice ont dormi au motel ou dans le squat,UNTERSCHLUPF,Kara und Alice haben im Motel oder im Haus übernachtet,ΚΑΤΑΦΥΓΙΟ,Οι Kara και Alice κοιμήθηκαν στο μοτέλ ή στο καταφύγιο,BÚVÓHELY,Kara és Alice a motelban vagy a romos házban aludtak,RIFUGIO,Kara e Alice hanno dormito nel motel o nella casa abbandonata.,一晩の宿,カーラとアリスがモーテルか廃屋に泊まった,피난처,카라와 앨리스가 모텔 또는 폐가에 머물렀습니다.,REFUGIO,Kara y Alice durmieron en el motel o en el escondite.,LY,Kara og Alice sov på motellet eller i huset,SCHRONIENIE,Kara i Alice spędziły noc w motelu lub squacie,ABRIGO,Kara e Alice dormem no motel ou no pardieiro,НОЧЛЕГ,Кэра и Алиса заночевали в мотеле или в пустом доме,REFUGIO,Kara y Alice han dormido en el motel o en la casa abandonada.,HUSRUM,Kara och Alice sov på motellet eller i ödehuset.,SIĞINAK,Kara ve Alice motelde veya konutta uyudu,遮风避雨,卡菈和爱丽丝在旅馆或空屋过夜,采用已验证的既有译本：GaBoron 成就翻译库 1222140 条目（schinese）。本机 schema 与该参考的英文原文逐条完全一致（共 48 条），确认为同一成就集与版本；已逐条对照英文原文复核后采用，未作改写。
10,KNOW YOUR PARTNER,Connor found all the clues about Hank,瞭解你的搭擋,康納找出所有與漢克有關的線索,اعرف شريكك,"عثر ""كونر"" على كل الأدلة عن ""هانك""",CONHEÇA SEU PARCEIRO,Connor encontrou todas as pistas sobre Hank,PROKLEPNUTÝ PARŤÁK,Connor nalezl všechny informace o Hankovi.,KEND DIN PARTNER,Connor fandt alle ledetrådene om Hank,KEN JE PARTNER,Connor heeft alle aanwijzingen over Hank gevonden,TUNNE PARISI,Connor löysi kaikki Hankiin liittyvät vihjeet,CONNAÎTRE SON PARTENAIRE,Connor a trouvé toutes les pistes concernant Hank,KENNE DEINEN PARTNER,Connor hat alle Hinweise zu Hank gefunden,ΜΑΘΕ ΤΟΝ ΣΥΝΑΔΕΛΦΟ ΣΟΥ,Ο Connor βρήκε όλα τα στοιχεία για τον Hank,ISMERD A PARTNERED,Connor megtalálta az összes nyomot Hankkel kapcsolatban,CONOSCI IL TUO PARTNER,Connor ha trovato tutti gli indizi su Hank.,本当の相棒,コナーがハンクについての情報をすべて調べた,파트너 파악,코너가 행크에 대한 모든 단서를 발견했습니다.,CONOCE A TU COMPAÑERO,Connor encontró todas las pistas sobre Hank.,KJENN PARTNEREN DIN,Connor fant alle ledetrådene om Hank,ZNAJ PARTNERA SWEGO,Connor odkrył wszystkie wskazówki dotyczące Hanka,CONHECE O TEU PARCEIRO,Connor descobre todas as pistas sobre Hank,УЗНАТЬ НАПАРНИКА ПОБЛИЖЕ,Коннор выяснил все про Хэнка,CONOCE A TU COMPAÑERO,Connor ha encontrado todas las pistas sobre Hank.,KÄNN DIN PARTNER,Connor hittade alla ledtrådar om Hank.,ORTAĞINI TANI,"Connor, Hank'le ilgili tüm ipuçlarını topladı",KNOW YOUR PARTNER,Connor found all the clues about Hank,了解你的搭挡,康纳找出所有与汉克有关的线索,瞭解你的搭擋,康納找出所有與漢克有關的線索,اعرف شريكك,"عثر ""كونر"" على كل الأدلة عن ""هانك""",CONHEÇA SEU PARCEIRO,Connor encontrou todas as pistas sobre Hank,PROKLEPNUTÝ PARŤÁK,Connor nalezl všechny informace o Hankovi.,KEND DIN PARTNER,Connor fandt alle ledetrådene om Hank,KEN JE PARTNER,Connor heeft alle aanwijzingen over Hank gevonden,TUNNE PARISI,Connor löysi kaikki Hankiin liittyvät vihjeet,CONNAÎTRE SON PARTENAIRE,Connor a trouvé toutes les pistes concernant Hank,KENNE DEINEN PARTNER,Connor hat alle Hinweise zu Hank gefunden,ΜΑΘΕ ΤΟΝ ΣΥΝΑΔΕΛΦΟ ΣΟΥ,Ο Connor βρήκε όλα τα στοιχεία για τον Hank,ISMERD A PARTNERED,Connor megtalálta az összes nyomot Hankkel kapcsolatban,CONOSCI IL TUO PARTNER,Connor ha trovato tutti gli indizi su Hank.,本当の相棒,コナーがハンクについての情報をすべて調べた,파트너 파악,코너가 행크에 대한 모든 단서를 발견했습니다.,CONOCE A TU COMPAÑERO,Connor encontró todas las pistas sobre Hank.,KJENN PARTNEREN DIN,Connor fant alle ledetrådene om Hank,ZNAJ PARTNERA SWEGO,Connor odkrył wszystkie wskazówki dotyczące Hanka,CONHECE O TEU PARCEIRO,Connor descobre todas as pistas sobre Hank,УЗНАТЬ НАПАРНИКА ПОБЛИЖЕ,Коннор выяснил все про Хэнка,CONOCE A TU COMPAÑERO,Connor ha encontrado todas las pistas sobre Hank.,KÄNN DIN PARTNER,Connor hittade alla ledtrådar om Hank.,ORTAĞINI TANI,"Connor, Hank'le ilgili tüm ipuçlarını topladı",了解你的搭挡,康纳找出所有与汉克有关的线索,采用已验证的既有译本：GaBoron 成就翻译库 1222140 条目（schinese）。本机 schema 与该参考的英文原文逐条完全一致（共 48 条），确认为同一成就集与版本；已逐条对照英文原文复核后采用，未作改写。
11,RUN KARA RUN,Kara and Alice escaped the police,快跑，卡菈，快跑,卡菈和愛麗絲避開了警察追捕,"اهربي يا ""كارا""","هربت ""كارا"" و""أليس"" من الشرطة","CORRA, KARA!",Kara e Alice escaparam da polícia,"UTÍKEJ, KARO, UTÍKEJ",Kara a Alice unikly policii.,"LØB, KARA, LØB",Kara og Alice slap væk fra politiet,"RENNEN, KARA",Kara en Alice zijn ontsnapt aan de politie,"JUOKSE, KARA, JUOKSE",Kara ja Alice onnistuivat pakenemaan poliisilta,"COURS, KARA. COURS !",Kara et Alice ont échappé à la police,"LAUF, KARA, LAUF",Kara und Alice sind der Polizei entkommen,ΤΡΕΞΕ KARA ΤΡΕΞΕ,Οι Kara και Alice ξέφυγαν από την αστυνομία,"FUSS, KARA, FUSS",Kara és Alice elmenekült a rendőrség elől,"CORRI, KARA!",Kara e Alice sono fuggite dalla polizia.,カーラの逃亡,カーラとアリスが警察から逃げた,"도망쳐, 카라",카라와 앨리스가 경찰에게서 도망쳤습니다.,"CORRE, KARA, CORRE",Kara y Alice escaparon de la policía.,"LØP, KARA, LØP",Kara og Alice unnslapp politiet,"BIEGNIJ, KARA, BIEGNIJ",Kara i Alice uciekły przed policją,"FOGE, KARA! FOGE!",Kara e Alice escapam da polícia,"БЕГИ, КЭРА, БЕГИ",Кэра и Алиса сбежали от полиции,"CORRE, KARA, CORRE",Kara y Alice se han escapado de la policía.,"SPRING, KARA, SPRING",Kara och Alice kom undan polisen.,KOŞ KARA KOŞ,Kara ve Alice polisten kaçtı,RUN KARA RUN,Kara and Alice escaped the police,快跑，卡菈，快跑,卡菈和爱丽丝避开了警察追捕,快跑，卡菈，快跑,卡菈和愛麗絲避開了警察追捕,"اهربي يا ""كارا""","هربت ""كارا"" و""أليس"" من الشرطة","CORRA, KARA!",Kara e Alice escaparam da polícia,"UTÍKEJ, KARO, UTÍKEJ",Kara a Alice unikly policii.,"LØB, KARA, LØB",Kara og Alice slap væk fra politiet,"RENNEN, KARA",Kara en Alice zijn ontsnapt aan de politie,"JUOKSE, KARA, JUOKSE",Kara ja Alice onnistuivat pakenemaan poliisilta,"COURS, KARA. COURS !",Kara et Alice ont échappé à la police,"LAUF, KARA, LAUF",Kara und Alice sind der Polizei entkommen,ΤΡΕΞΕ KARA ΤΡΕΞΕ,Οι Kara και Alice ξέφυγαν από την αστυνομία,"FUSS, KARA, FUSS",Kara és Alice elmenekült a rendőrség elől,"CORRI, KARA!",Kara e Alice sono fuggite dalla polizia.,カーラの逃亡,カーラとアリスが警察から逃げた,"도망쳐, 카라",카라와 앨리스가 경찰에게서 도망쳤습니다.,"CORRE, KARA, CORRE",Kara y Alice escaparon de la policía.,"LØP, KARA, LØP",Kara og Alice unnslapp politiet,"BIEGNIJ, KARA, BIEGNIJ",Kara i Alice uciekły przed policją,"FOGE, KARA! FOGE!",Kara e Alice escapam da polícia,"БЕГИ, КЭРА, БЕГИ",Кэра и Алиса сбежали от полиции,"CORRE, KARA, CORRE",Kara y Alice se han escapado de la policía.,"SPRING, KARA, SPRING",Kara och Alice kom undan polisen.,KOŞ KARA KOŞ,Kara ve Alice polisten kaçtı,快跑，卡菈，快跑,卡菈和爱丽丝避开了警察追捕,采用已验证的既有译本：GaBoron 成就翻译库 1222140 条目（schinese）。本机 schema 与该参考的英文原文逐条完全一致（共 48 条），确认为同一成就集与版本；已逐条对照英文原文复核后采用，未作改写。
12,CATCH IT,Connor caught up with Rupert,抓到了,康納抓到魯珀特,أمسِكه,"""كونر"" أمسك بـ""روبرت""",CAPTURE,Connor alcançou Rupert,CHYŤTE HO!,Connor dostihl Ruperta.,FANG DEN,Connor indhentede Rupert,PAK HET,Connor heeft Rupert ingehaald,OTA KIINNI,Connor sai Rupertin kiinni,ARRÊTE-MOI SI TU PEUX,Connor a rattrapé Rupert,SCHNAPP IHN DIR,Connor hat Rupert eingeholt,ΠΙΑΣ' ΤΟ,Ο Connor πρόφθασε τον Rupert,KAPD EL,Connor utólérte Rupertet,PRESO!,Connor ha raggiunto Rupert.,捕まえろ,コナーがルパートに追いついた,잡았다!,코너가 루퍼트를 잡았습니다.,ATRÁPALO,Connor alcanzó a Rupert.,FAKK DEN,Connor innhentet Rupert,POŚCIG,Connor dogonił Ruperta,APANHADO,Connor apanha o Rupert,ДОГОНЯЙ,Коннор догнал Руперта,CÓGELO,Connor ha alcanzado a Rupert.,FÅNGAD,Connor kom ikapp Rupert.,YAKALA,"Connor, Rupert'a yetişti",CATCH IT,Connor caught up with Rupert,抓到了,康纳抓到鲁珀特,抓到了,康納抓到魯珀特,أمسِكه,"""كونر"" أمسك بـ""روبرت""",CAPTURE,Connor alcançou Rupert,CHYŤTE HO!,Connor dostihl Ruperta.,FANG DEN,Connor indhentede Rupert,PAK HET,Connor heeft Rupert ingehaald,OTA KIINNI,Connor sai Rupertin kiinni,ARRÊTE-MOI SI TU PEUX,Connor a rattrapé Rupert,SCHNAPP IHN DIR,Connor hat Rupert eingeholt,ΠΙΑΣ' ΤΟ,Ο Connor πρόφθασε τον Rupert,KAPD EL,Connor utólérte Rupertet,PRESO!,Connor ha raggiunto Rupert.,捕まえろ,コナーがルパートに追いついた,잡았다!,코너가 루퍼트를 잡았습니다.,ATRÁPALO,Connor alcanzó a Rupert.,FAKK DEN,Connor innhentet Rupert,POŚCIG,Connor dogonił Ruperta,APANHADO,Connor apanha o Rupert,ДОГОНЯЙ,Коннор догнал Руперта,CÓGELO,Connor ha alcanzado a Rupert.,FÅNGAD,Connor kom ikapp Rupert.,YAKALA,"Connor, Rupert'a yetişti",抓到了,康纳抓到鲁珀特,采用已验证的既有译本：GaBoron 成就翻译库 1222140 条目（schinese）。本机 schema 与该参考的英文原文逐条完全一致（共 48 条），确认为同一成就集与版本；已逐条对照英文原文复核后采用，未作改写。
13,SAVE HANK,Connor saved Hank,拯救漢克,康納救了漢克一命,"أنقِذ ""هانك""","""كونر"" أنقَذ ""هانك""",SALVE O HANK,Connor salvou o Hank,ZÁCHRANA HANKA,Connor zachránil Hanka.,RED HANK,Connor reddede Hank,RED HANK,Connor heeft Hank gered,PELASTA HANK,Connor pelasti Hankin,IL FAUT SAUVER HANK,Connor a sauvé Hank,HANK RETTEN,Connor hat Hank gerettet,ΣΩΣΕ ΤΟΝ HANK,Ο Connor έσωσε τον Hank,HANK MEGMENTÉSE,Connor megmentette Hanket,SALVA HANK,Connor ha salvato Hank.,ハンクを救え,コナーがハンクを救った,행크를 구하다,코너가 행크를 구했습니다.,SALVA A HANK,Connor salvó a Hank.,REDD HANK,Connor reddet Hank,HANK URATOWANY,Connor uratował Hanka,SALVAR O HANK,Connor salva o Hank,СПАСТИ ХЭНКА,Коннор спас Хэнка,SALVA A HANK,Connor ha salvado a Hank.,RÄDDA HANK,Connor räddade Hank.,HANK'İ KURTAR,"Connor, Hank'i kurtardı",SAVE HANK,Connor saved Hank,拯救汉克,康纳救了汉克一命,拯救漢克,康納救了漢克一命,"أنقِذ ""هانك""","""كونر"" أنقَذ ""هانك""",SALVE O HANK,Connor salvou o Hank,ZÁCHRANA HANKA,Connor zachránil Hanka.,RED HANK,Connor reddede Hank,RED HANK,Connor heeft Hank gered,PELASTA HANK,Connor pelasti Hankin,IL FAUT SAUVER HANK,Connor a sauvé Hank,HANK RETTEN,Connor hat Hank gerettet,ΣΩΣΕ ΤΟΝ HANK,Ο Connor έσωσε τον Hank,HANK MEGMENTÉSE,Connor megmentette Hanket,SALVA HANK,Connor ha salvato Hank.,ハンクを救え,コナーがハンクを救った,행크를 구하다,코너가 행크를 구했습니다.,SALVA A HANK,Connor salvó a Hank.,REDD HANK,Connor reddet Hank,HANK URATOWANY,Connor uratował Hanka,SALVAR O HANK,Connor salva o Hank,СПАСТИ ХЭНКА,Коннор спас Хэнка,SALVA A HANK,Connor ha salvado a Hank.,RÄDDA HANK,Connor räddade Hank.,HANK'İ KURTAR,"Connor, Hank'i kurtardı",拯救汉克,康纳救了汉克一命,采用已验证的既有译本：GaBoron 成就翻译库 1222140 条目（schinese）。本机 schema 与该参考的英文原文逐条完全一致（共 48 条），确认为同一成就集与版本；已逐条对照英文原文复核后采用，未作改写。
14,ESCAPE THE MANOR,Kara and Alice escaped Zlatko's house,逃離宅第,卡菈和愛麗絲逃出茲拉科的屋子,هروب من الضيعة,"هربت ""كارا"" و""أليس"" من منزل ""زلاتكو""",FUGA DA CASA,Kara e Alice escaparam da casa do Zlatko,ÚNIK Z DOMU,Kara a Alice utekly ze Zlatkova domu.,FLYGT FRA HERREGÅRDEN,Kara og Alice slap ud af Zlatkos hus,ONTSNAP UIT HET LANDHUIS,Kara en Alice zijn ontsnapt uit Zlatko's huis,PAKENE KARTANOSTA,Kara ja Alice pakenivat Zlatkon talosta,LA FUITE DU MANOIR,Kara et Alice se sont enfuies de chez Zlatko,FLUCHT AUS DEM HAUS,Kara und Alice sind aus Zlatkos Haus entkommen,ΑΠΟΔΡΑΣΗ ΑΠΟ ΤΗΝ ΕΠΑΥΛΗ,Οι Kara και Alice ξέφυγαν από το σπίτι του Zlatko,MENEKÜLÉS A BIRTOKRÓL,Kara és Alice elszökött Zlatko házából,FUGA DALLA VILLA,Kara e Alice sono fuggite dalla casa di Zlatko.,館からの逃亡,カーラとアリスがズラトコの家から逃げ出した,저택에서 탈출,카라와 앨리스가 즐라트코의 집에서 탈출했습니다.,ESCAPA DE LA MANSIÓN,Kara y Alice escaparon de la casa de Zlatko.,FLUKTEN FRA HERSKAPSHUSET,Kara og Alice flyktet fra huset til Zlatko,UCIECZKA Z REZYDENCJI,Kara i Alice uciekły z rezydencji Zlatko,FUGA DA MANSÃO,Kara e Alice fogem da casa do Zlatko,СБЕЖАТЬ ИЗ ОСОБНЯКА,Кэра и Алиса сбежали из дома Златко,ESCAPA DE LA MANSIÓN,Kara y Alice han escapado de la casa de Zlatko.,FLY FRÅN HUSET,Kara och Alice flydde från Zlatkos hus.,MALİKÂNEDEN KAÇ,"Kara ve Alice, Zlatko'nun evinden kaçtı",ESCAPE THE MANOR,Kara and Alice escaped Zlatko's house,逃离宅第,卡菈和爱丽丝逃出兹拉科的屋子,逃離宅第,卡菈和愛麗絲逃出茲拉科的屋子,هروب من الضيعة,"هربت ""كارا"" و""أليس"" من منزل ""زلاتكو""",FUGA DA CASA,Kara e Alice escaparam da casa do Zlatko,ÚNIK Z DOMU,Kara a Alice utekly ze Zlatkova domu.,FLYGT FRA HERREGÅRDEN,Kara og Alice slap ud af Zlatkos hus,ONTSNAP UIT HET LANDHUIS,Kara en Alice zijn ontsnapt uit Zlatko's huis,PAKENE KARTANOSTA,Kara ja Alice pakenivat Zlatkon talosta,LA FUITE DU MANOIR,Kara et Alice se sont enfuies de chez Zlatko,FLUCHT AUS DEM HAUS,Kara und Alice sind aus Zlatkos Haus entkommen,ΑΠΟΔΡΑΣΗ ΑΠΟ ΤΗΝ ΕΠΑΥΛΗ,Οι Kara και Alice ξέφυγαν από το σπίτι του Zlatko,MENEKÜLÉS A BIRTOKRÓL,Kara és Alice elszökött Zlatko házából,FUGA DALLA VILLA,Kara e Alice sono fuggite dalla casa di Zlatko.,館からの逃亡,カーラとアリスがズラトコの家から逃げ出した,저택에서 탈출,카라와 앨리스가 즐라트코의 집에서 탈출했습니다.,ESCAPA DE LA MANSIÓN,Kara y Alice escaparon de la casa de Zlatko.,FLUKTEN FRA HERSKAPSHUSET,Kara og Alice flyktet fra huset til Zlatko,UCIECZKA Z REZYDENCJI,Kara i Alice uciekły z rezydencji Zlatko,FUGA DA MANSÃO,Kara e Alice fogem da casa do Zlatko,СБЕЖАТЬ ИЗ ОСОБНЯКА,Кэра и Алиса сбежали из дома Златко,ESCAPA DE LA MANSIÓN,Kara y Alice han escapado de la casa de Zlatko.,FLY FRÅN HUSET,Kara och Alice flydde från Zlatkos hus.,MALİKÂNEDEN KAÇ,"Kara ve Alice, Zlatko'nun evinden kaçtı",逃离宅第,卡菈和爱丽丝逃出兹拉科的屋子,采用已验证的既有译本：GaBoron 成就翻译库 1222140 条目（schinese）。本机 schema 与该参考的英文原文逐条完全一致（共 48 条），确认为同一成就集与版本；已逐条对照英文原文复核后采用，未作改写。
15,RUTHLESS,The Tracis were killed,殘忍無情,崔西都死了,وحشية,"قُتلت  ال""ترايسيز""",IMPLACÁVEL,As Tracis foram mortas,BEZ MILOSTI,Obě Traci byly zlikvidovány.,UBARMHJERTIG,Tracierne blev dræbt,MEEDOGENLOOS,De Traci's zijn gedood,ARMOTON,Tracit saivat surmansa,IMPITOYABLE,Les Traci sont mortes,GNADENLOS,Die Tracis wurden getötet,ΑΔΙΣΤΑΚΤΟΣ,Οι Tracis σκοτώθηκαν,KÖNYÖRTELEN,A Traciket megölték,SPIETATO,Hai ucciso le due Traci.,無慈悲,２体のトレイシーを殺した,무자비,트레이시들을 죽였습니다.,IMPLACABLE,Las Tracis murieron.,NÅDELØS,Traciene ble drept,BEZ SKRUPUŁÓW,Androidki o imieniu Traci zostały zabite,IMPLACÁVEL,As Tracis morrem,БЕЗ ПОЩАДЫ,Две Трейси погибли,IMPLACABLE,Las Tracis han muerto.,SKONINGSLÖS,Båda Traci dödades.,ACIMASIZ,Traci'ler öldürüldü,RUTHLESS,The Tracis were killed,残忍无情,崔西都死了,殘忍無情,崔西都死了,وحشية,"قُتلت  ال""ترايسيز""",IMPLACÁVEL,As Tracis foram mortas,BEZ MILOSTI,Obě Traci byly zlikvidovány.,UBARMHJERTIG,Tracierne blev dræbt,MEEDOGENLOOS,De Traci's zijn gedood,ARMOTON,Tracit saivat surmansa,IMPITOYABLE,Les Traci sont mortes,GNADENLOS,Die Tracis wurden getötet,ΑΔΙΣΤΑΚΤΟΣ,Οι Tracis σκοτώθηκαν,KÖNYÖRTELEN,A Traciket megölték,SPIETATO,Hai ucciso le due Traci.,無慈悲,２体のトレイシーを殺した,무자비,트레이시들을 죽였습니다.,IMPLACABLE,Las Tracis murieron.,NÅDELØS,Traciene ble drept,BEZ SKRUPUŁÓW,Androidki o imieniu Traci zostały zabite,IMPLACÁVEL,As Tracis morrem,БЕЗ ПОЩАДЫ,Две Трейси погибли,IMPLACABLE,Las Tracis han muerto.,SKONINGSLÖS,Båda Traci dödades.,ACIMASIZ,Traci'ler öldürüldü,残忍无情,崔西都死了,采用已验证的既有译本：GaBoron 成就翻译库 1222140 条目（schinese）。本机 schema 与该参考的英文原文逐条完全一致（共 48 条），确认为同一成就集与版本；已逐条对照英文原文复核后采用，未作改写。
16,DOUBTS,The Tracis escaped,心存疑問,崔西逃走了,شكوك,"هربت ال""ترايسيز""",DÚVIDAS,As Tracis escaparam,POCHYBNOSTI,Obě Traci unikly.,TVIVL,Tracierne slap væk,TWIJFELS,De Traci's zijn ontsnapt,EPÄILYKSET,Tracit pakenivat,DOUTES,Les Traci se sont enfuies,ZWEIFEL,Die Tracis sind entkommen,ΑΜΦΙΒΟΛΙΕΣ,Οι Tracis απέδρασαν,KÉTSÉGEK,A Tracik elmenekültek,DUBBI,Le due Traci sono scappate.,疑念,トレイシーを逃した,의혹,트레이시들이 탈출했습니다.,DUDAS,Las Tracis escaparon.,TVIL,Traciene unnslapp,WĄTPLIWOŚCI,Androidki o imieniu Traci uciekły,DÚVIDAS,As Tracis fogem,СОМНЕНИЯ,Две Трейси сбежали,DUDAS,Las Tracis han escapado.,TVIVEL,Båda Traci kom undan.,ŞÜPHELER,Traci'ler kaçtı,DOUBTS,The Tracis escaped,心存疑问,崔西逃走了,心存疑問,崔西逃走了,شكوك,"هربت ال""ترايسيز""",DÚVIDAS,As Tracis escaparam,POCHYBNOSTI,Obě Traci unikly.,TVIVL,Tracierne slap væk,TWIJFELS,De Traci's zijn ontsnapt,EPÄILYKSET,Tracit pakenivat,DOUTES,Les Traci se sont enfuies,ZWEIFEL,Die Tracis sind entkommen,ΑΜΦΙΒΟΛΙΕΣ,Οι Tracis απέδρασαν,KÉTSÉGEK,A Tracik elmenekültek,DUBBI,Le due Traci sono scappate.,疑念,トレイシーを逃した,의혹,트레이시들이 탈출했습니다.,DUDAS,Las Tracis escaparon.,TVIL,Traciene unnslapp,WĄTPLIWOŚCI,Androidki o imieniu Traci uciekły,DÚVIDAS,As Tracis fogem,СОМНЕНИЯ,Две Трейси сбежали,DUDAS,Las Tracis han escapado.,TVIVEL,Båda Traci kom undan.,ŞÜPHELER,Traci'ler kaçtı,心存疑问,崔西逃走了,采用已验证的既有译本：GaBoron 成就翻译库 1222140 条目（schinese）。本机 schema 与该参考的英文原文逐条完全一致（共 48 条），确认为同一成就集与版本；已逐条对照英文原文复核后采用，未作改写。
17,JERICHO'S HERO,Markus got enough parts,耶利哥的英雄,馬庫斯帶回足夠的零件,"بطل ""جيريكو""","جمع ""ماركوس"" أجزاءً كافية",HERÓI DE JERICHO,Markus obteve a quantidade necessária de peças,HRDINA JERICHA,Markus sehnal dostatek dílů.,JERICHOS HELT,Markus fandt nok dele,JERICHO'S HELD,Markus heeft genoeg onderdelen verkregen,JERICHON SANKARI,Markus sai tarpeeksi osia,LE HÉROS DE JERICHO,Markus a récupéré assez de pièces de rechange,JERICHOS HELD,Markus hat genug Teile gefunden,Ο ΗΡΩΑΣ ΤΟΥ JERICHO,Ο Markus πήρε αρκετά ανταλλακτικά,JERICHO HŐSE,Markus elegendő alkatrészt szerzett,EROE DI JERICHO,Markus ha ottenuto abbastanza componenti.,ジェリコの英雄,マーカスが十分な部品を持ち帰った,제리코의 영웅,마커스가 충분한 양의 부품을 구했습니다.,HÉROE DE JERICHO,Markus consiguió suficientes piezas.,JERICHOS HELT,Markus skaffet nok deler,BOHATER JERYCHA,Markus zdobył wystarczającą ilość części,HERÓI DE JERICHO,Markus obtém peças suficientes,ГЕРОЙ «ИЕРИХОНА»,Маркус раздобыл достаточно запчастей,HÉROE DE JERICHO,Markus ha conseguido suficientes piezas.,JERICHOS HJÄLTE,Markus samlade tillräckligt med delar.,JERICHO'NUN KAHRAMANI,Markus yeterince parça aldı,JERICHO'S HERO,Markus got enough parts,耶利哥的英雄,马库斯带回足够的零件,耶利哥的英雄,馬庫斯帶回足夠的零件,"بطل ""جيريكو""","جمع ""ماركوس"" أجزاءً كافية",HERÓI DE JERICHO,Markus obteve a quantidade necessária de peças,HRDINA JERICHA,Markus sehnal dostatek dílů.,JERICHOS HELT,Markus fandt nok dele,JERICHO'S HELD,Markus heeft genoeg onderdelen verkregen,JERICHON SANKARI,Markus sai tarpeeksi osia,LE HÉROS DE JERICHO,Markus a récupéré assez de pièces de rechange,JERICHOS HELD,Markus hat genug Teile gefunden,Ο ΗΡΩΑΣ ΤΟΥ JERICHO,Ο Markus πήρε αρκετά ανταλλακτικά,JERICHO HŐSE,Markus elegendő alkatrészt szerzett,EROE DI JERICHO,Markus ha ottenuto abbastanza componenti.,ジェリコの英雄,マーカスが十分な部品を持ち帰った,제리코의 영웅,마커스가 충분한 양의 부품을 구했습니다.,HÉROE DE JERICHO,Markus consiguió suficientes piezas.,JERICHOS HELT,Markus skaffet nok deler,BOHATER JERYCHA,Markus zdobył wystarczającą ilość części,HERÓI DE JERICHO,Markus obtém peças suficientes,ГЕРОЙ «ИЕРИХОНА»,Маркус раздобыл достаточно запчастей,HÉROE DE JERICHO,Markus ha conseguido suficientes piezas.,JERICHOS HJÄLTE,Markus samlade tillräckligt med delar.,JERICHO'NUN KAHRAMANI,Markus yeterince parça aldı,耶利哥的英雄,马库斯带回足够的零件,采用已验证的既有译本：GaBoron 成就翻译库 1222140 条目（schinese）。本机 schema 与该参考的英文原文逐条完全一致（共 48 条），确认为同一成就集与版本；已逐条对照英文原文复核后采用，未作改写。
18,JUST A MACHINE,Hank killed Connor,只是機器而已,漢克殺死了康納,آلة فحسب,"""هانك"" قتل ""كونر""",É SÓ UMA MÁQUINA,Hank matou Connor,JENOM STROJ,Hank zabil Connora.,BARE EN MASKINE,Hank dræbte Connor,SLECHTS EEN MACHINE,Hank heeft Connor gedood,PELKKÄ KONE,Hank tappoi Connorin,RIEN QU'UNE MACHINE,Hank a tué Connor,NUR EINE MASCHINE,Hank hat Connor getötet,ΑΠΛΩΣ ΜΙΑ ΜΗΧΑΝΗ,Ο Hank σκότωσε τον Connor,CSAK EGY GÉP,Hank megölte Connort,SOLO UNA MACCHINA,Hank ha ucciso Connor.,ただの機械,ハンクがコナーを殺した,J그저 기계일 뿐,행크가 코너를 죽였습니다.,SOLO UNA MÁQUINA,Hank mató a Connor.,BARE EN MASKIN,Hank drepte Connor,TYLKO MASZYNA,Hank zabił Connora,APENAS UMA MÁQUINA,Hank mata Connor,ВСЕГО ЛИШЬ МАШИНА,Хэнк убил Коннора,SOLO ES UNA MÁQUINA,Hank ha matado a Connor.,BARA EN MASKIN,Hank dödade Connor.,SIRADAN BİR MAKİNE,"Hank, Connor'ı öldürdü",JUST A MACHINE,Hank killed Connor,只是机器而已,汉克杀死了康纳,只是機器而已,漢克殺死了康納,آلة فحسب,"""هانك"" قتل ""كونر""",É SÓ UMA MÁQUINA,Hank matou Connor,JENOM STROJ,Hank zabil Connora.,BARE EN MASKINE,Hank dræbte Connor,SLECHTS EEN MACHINE,Hank heeft Connor gedood,PELKKÄ KONE,Hank tappoi Connorin,RIEN QU'UNE MACHINE,Hank a tué Connor,NUR EINE MASCHINE,Hank hat Connor getötet,ΑΠΛΩΣ ΜΙΑ ΜΗΧΑΝΗ,Ο Hank σκότωσε τον Connor,CSAK EGY GÉP,Hank megölte Connort,SOLO UNA MACCHINA,Hank ha ucciso Connor.,ただの機械,ハンクがコナーを殺した,J그저 기계일 뿐,행크가 코너를 죽였습니다.,SOLO UNA MÁQUINA,Hank mató a Connor.,BARE EN MASKIN,Hank drepte Connor,TYLKO MASZYNA,Hank zabił Connora,APENAS UMA MÁQUINA,Hank mata Connor,ВСЕГО ЛИШЬ МАШИНА,Хэнк убил Коннора,SOLO ES UNA MÁQUINA,Hank ha matado a Connor.,BARA EN MASKIN,Hank dödade Connor.,SIRADAN BİR MAKİNE,"Hank, Connor'ı öldürdü",只是机器而已,汉克杀死了康纳,采用已验证的既有译本：GaBoron 成就翻译库 1222140 条目（schinese）。本机 schema 与该参考的英文原文逐条完全一致（共 48 条），确认为同一成就集与版本；已逐条对照英文原文复核后采用，未作改写。
19,A SMILE ON HER FACE,Alice enjoyed a ride on the merry-go-round,她的微笑,愛麗絲坐旋轉木馬很開心,ابتسامة على وجهها,"استمتعت ""أليس"" بركوب دوامة الخيول",SORRISO NO ROSTO,Alice curtiu uma volta no carrossel,ÚSMĚV NA JEJÍ TVÁŘI,Alice si užila jízdu na kolotoči.,ET SMIL PÅ LÆBEN,Alice nød en tur i karrusellen,EEN LACH OP HAAR GEZICHT,Alice maakte een ritje op de draaimolen,HYMYNAAMA,Alice nautti karuselliajelusta,PREMIER SOURIRE,Alice a fait un tour de manège,EIN LÄCHELN AUF IHREM GESICHT,Alice gefiel die Fahrt mit dem Karussell,ΤΟ ΧΑΜΟΓΕΛΟ ΣΤΑ ΧΕΙΛΗ ΤΗΣ,Η Alice απόλαυσε μια βόλτα στο καρουζέλ,ARCÁN MOSOLLYAL,Alice jól érezte magát a körhintán,UN SORRISO SUL SUO VOLTO,Alice si è divertita sulla giostra.,笑顔,アリスがメリーゴーランドを楽しんだ,그녀의 얼굴에 미소를,앨리스가 회전목마를 즐겁게 탔습니다.,SONRISA EN SU ROSTRO,Alice disfrutó un paseo en el carrusel.,FÅ HENNE TIL Å SMILE,Alice koste seg på karusellen,UŚMIECH NA JEJ TWARZY,Alice cieszyła się z przejażdżki na karuzeli,UM SORRISO NO ROSTO,Alice anda no carrossel,УЛЫБКА НА ЕЕ ЛИЦЕ,Алисе понравилось кататься на карусели,UNA SONRISA EN SU ROSTRO,Alice ha disfrutado montando en el tiovivo.,ETT LEENDE PÅ LÄPPARNA,Alice fick åka på karusellen.,YÜZÜNDE BİR GÜLÜCÜK,Alice atlıkarıncaya binmekten keyif aldı,A SMILE ON HER FACE,Alice enjoyed a ride on the merry-go-round,她的微笑,爱丽丝坐旋转木马很开心,她的微笑,愛麗絲坐旋轉木馬很開心,ابتسامة على وجهها,"استمتعت ""أليس"" بركوب دوامة الخيول",SORRISO NO ROSTO,Alice curtiu uma volta no carrossel,ÚSMĚV NA JEJÍ TVÁŘI,Alice si užila jízdu na kolotoči.,ET SMIL PÅ LÆBEN,Alice nød en tur i karrusellen,EEN LACH OP HAAR GEZICHT,Alice maakte een ritje op de draaimolen,HYMYNAAMA,Alice nautti karuselliajelusta,PREMIER SOURIRE,Alice a fait un tour de manège,EIN LÄCHELN AUF IHREM GESICHT,Alice gefiel die Fahrt mit dem Karussell,ΤΟ ΧΑΜΟΓΕΛΟ ΣΤΑ ΧΕΙΛΗ ΤΗΣ,Η Alice απόλαυσε μια βόλτα στο καρουζέλ,ARCÁN MOSOLLYAL,Alice jól érezte magát a körhintán,UN SORRISO SUL SUO VOLTO,Alice si è divertita sulla giostra.,笑顔,アリスがメリーゴーランドを楽しんだ,그녀의 얼굴에 미소를,앨리스가 회전목마를 즐겁게 탔습니다.,SONRISA EN SU ROSTRO,Alice disfrutó un paseo en el carrusel.,FÅ HENNE TIL Å SMILE,Alice koste seg på karusellen,UŚMIECH NA JEJ TWARZY,Alice cieszyła się z przejażdżki na karuzeli,UM SORRISO NO ROSTO,Alice anda no carrossel,УЛЫБКА НА ЕЕ ЛИЦЕ,Алисе понравилось кататься на карусели,UNA SONRISA EN SU ROSTRO,Alice ha disfrutado montando en el tiovivo.,ETT LEENDE PÅ LÄPPARNA,Alice fick åka på karusellen.,YÜZÜNDE BİR GÜLÜCÜK,Alice atlıkarıncaya binmekten keyif aldı,她的微笑,爱丽丝坐旋转木马很开心,采用已验证的既有译本：GaBoron 成就翻译库 1222140 条目（schinese）。本机 schema 与该参考的英文原文逐条完全一致（共 48 条），确认为同一成就集与版本；已逐条对照英文原文复核后采用，未作改写。
20,WHEN A PLAN COMES TOGETHER,Markus broadcasted his message without raising an alarm or having a team casualty,計畫圓滿,馬庫斯成功播出訊息，沒有觸動警報，夥伴也沒有傷亡,خطة مُحكمة,"نجح ""ماركوس"" في بث رسالته دون إطلاق الإنذار أو موت أحد أعضاء فريقه",QUANDO O PLANO DÁ CERTO,Markus transmitiu a mensagem sem disparar o alarme ou perder alguém da equipe,KDYŽ JDOU VĚCI PODLE PLÁNU,"Markus odvysílal svou zprávu, aniž by spustil alarm či způsobil újmu týmu.",NÅR BRIKKERNE FALDER PÅ PLADS,Markus udsendte sin meddelelse uden at udløse alarm og uden tilskadekomne på holdet,EEN WELDOORDACHT PLAN,Markus zond zijn boodschap uit zonder dat er alarm is geslagen of teamleden zijn gedood,KUN SUUNNITELMA TOTEUTUU,"Markus lähetti viestinsä ilman, että laukaisi hälytystä tai ryhmä kärsi menetyksiä",QUAND UN PLAN SE DÉROULE SANS ACCROC,Markus a diffusé son message sans déclencher d'alarme ou sans perdre un membre de son équipe,WENN EIN PLAN FUNKTIONIERT,"Markus hat seine Botschaft übertragen, ohne Alarm auszulösen oder jemand aus dem Team zu verlieren",ΣΧΕΔΙΟ ΕΞΕΤΕΛΕΣΘΗ,Ο Markus έστειλε το μύνημά του χωρίς να χτυπήσει ο συναγερμός και χωρίς απώλεια στην ομάδα του,AMIKOR ÖSSZEÁLL A TERV,"Markus anélkül elküldte az üzenetét, hogy észrevették volna, vagy valakit elveszített volna a csapatából",UN PIANO BEN RIUSCITO,Markus ha trasmesso il suo messaggio senza farsi scoprire o senza subire perdite nella squadra.,綿密な計画,マーカスが警報を鳴らされたり、仲間に犠牲を出さずにメッセージを放送した,모든 것은 계획대로,마커스가 경보를 울리게 하거나 팀에서 사상자를 발생시키지 않은 채 메시지를 방송했습니다.,CUANDO TODO SALE SEGÚN EL PLAN,Markus logró transmitir su mensaje sin hacer sonar la alarma ni perder a nadie del equipo.,NÅR PLANEN FUNKER,Markus kringkastet meldingen uten å utløse noen alarm eller miste noen på teamet sitt,WSZYSTKO ZGODNIE Z PLANEM,"Markus nadał swój manifest, nikogo nie alarmując ani nie tracąc nikogo z drużyny",QUANDO UM PLANO DÁ CERTO,Markus transmite a mensagem sem soar os alarmes nem sofrer uma perda na equipa,КОГДА ВСЕ ИДЕТ ПО ПЛАНУ,"Маркус вышел в эфир, не подняв тревоги и избежав потерь в отряде",CUANDO LOS PLANES SALEN BIEN,Markus ha conseguido transmitir el mensaje sin que salte la alarma ni perder a ningún miembro del equipo.,NÄR BITARNA FALLER PÅ PLATS,Markus sände sitt budskap utan att utlösa larmet eller förlora någon i gruppen.,SUYA DÜŞMEYEN PLAN,Markus alarmı çaldırmadan veya kayıp vermeden mesajını yayınladı,WHEN A PLAN COMES TOGETHER,Markus broadcasted his message without raising an alarm or having a team casualty,计划圆满,马库斯成功播出讯息，没有触动警报，伙伴也没有伤亡,計畫圓滿,馬庫斯成功播出訊息，沒有觸動警報，夥伴也沒有傷亡,خطة مُحكمة,"نجح ""ماركوس"" في بث رسالته دون إطلاق الإنذار أو موت أحد أعضاء فريقه",QUANDO O PLANO DÁ CERTO,Markus transmitiu a mensagem sem disparar o alarme ou perder alguém da equipe,KDYŽ JDOU VĚCI PODLE PLÁNU,"Markus odvysílal svou zprávu, aniž by spustil alarm či způsobil újmu týmu.",NÅR BRIKKERNE FALDER PÅ PLADS,Markus udsendte sin meddelelse uden at udløse alarm og uden tilskadekomne på holdet,EEN WELDOORDACHT PLAN,Markus zond zijn boodschap uit zonder dat er alarm is geslagen of teamleden zijn gedood,KUN SUUNNITELMA TOTEUTUU,"Markus lähetti viestinsä ilman, että laukaisi hälytystä tai ryhmä kärsi menetyksiä",QUAND UN PLAN SE DÉROULE SANS ACCROC,Markus a diffusé son message sans déclencher d'alarme ou sans perdre un membre de son équipe,WENN EIN PLAN FUNKTIONIERT,"Markus hat seine Botschaft übertragen, ohne Alarm auszulösen oder jemand aus dem Team zu verlieren",ΣΧΕΔΙΟ ΕΞΕΤΕΛΕΣΘΗ,Ο Markus έστειλε το μύνημά του χωρίς να χτυπήσει ο συναγερμός και χωρίς απώλεια στην ομάδα του,AMIKOR ÖSSZEÁLL A TERV,"Markus anélkül elküldte az üzenetét, hogy észrevették volna, vagy valakit elveszített volna a csapatából",UN PIANO BEN RIUSCITO,Markus ha trasmesso il suo messaggio senza farsi scoprire o senza subire perdite nella squadra.,綿密な計画,マーカスが警報を鳴らされたり、仲間に犠牲を出さずにメッセージを放送した,모든 것은 계획대로,마커스가 경보를 울리게 하거나 팀에서 사상자를 발생시키지 않은 채 메시지를 방송했습니다.,CUANDO TODO SALE SEGÚN EL PLAN,Markus logró transmitir su mensaje sin hacer sonar la alarma ni perder a nadie del equipo.,NÅR PLANEN FUNKER,Markus kringkastet meldingen uten å utløse noen alarm eller miste noen på teamet sitt,WSZYSTKO ZGODNIE Z PLANEM,"Markus nadał swój manifest, nikogo nie alarmując ani nie tracąc nikogo z drużyny",QUANDO UM PLANO DÁ CERTO,Markus transmite a mensagem sem soar os alarmes nem sofrer uma perda na equipa,КОГДА ВСЕ ИДЕТ ПО ПЛАНУ,"Маркус вышел в эфир, не подняв тревоги и избежав потерь в отряде",CUANDO LOS PLANES SALEN BIEN,Markus ha conseguido transmitir el mensaje sin que salte la alarma ni perder a ningún miembro del equipo.,NÄR BITARNA FALLER PÅ PLATS,Markus sände sitt budskap utan att utlösa larmet eller förlora någon i gruppen.,SUYA DÜŞMEYEN PLAN,Markus alarmı çaldırmadan veya kayıp vermeden mesajını yayınladı,计划圆满,马库斯成功播出讯息，没有触动警报，伙伴也没有伤亡,采用已验证的既有译本：GaBoron 成就翻译库 1222140 条目（schinese）。本机 schema 与该参考的英文原文逐条完全一致（共 48 条），确认为同一成就集与版本；已逐条对照英文原文复核后采用，未作改写。
21,A GLIMPSE OF JERICHO,Connor connected to Simon,一瞥耶利哥,康納連接賽門的記憶,"لمحة عن ""جيريكو""","""كونر"" اتصل بـ""سايمون""",VISLUMBRE JERICHO,Connor conectou-se a Simon,ZÁBLESK JERICHA,CConnor se připojil k Simonovi.,ET GLIMT AF JERICHO,Connor blev sluttet til Simon,JERICHO IN ZICHT,Connor maakte verbinding met Simon,VILAUS JERICHOSTA,Connor sai yhteyden Simoniin,UN APERÇU DE JERICHO,Connor s'est connecté à Simon,KURZER BLICK AUF JERICHO,Connor hat sich mit Simon verbunden,ΜΙΑ ΜΑΤΙΑ ΣΤΗΝ JERICHO,Ο Connor συνδέθηκε με τον Simon,EGY PILLANAT JERICHÓBÓL,Connor rácsatlakozott Simonra,UN ASSAGGIO DI JERICHO,Connor si è connesso a Simon.,ジェリコの記憶,コナーがサイモンに接続した,제리코의 기억 파편,코너가 사이먼에게 접속했습니다.,UN VISTAZO A JERICHO,Connor se conectó a Simon.,ET GLIMT AV JERICHO,Connor koblet seg til Simon,PRZEBŁYSK JERYCHA,Connor połączył się z Simonem,UM VISLUMBRE DE JERICHO,Connor coneta-se a Simon,ВИДЕНИЕ «ИЕРИХОНА»,Коннор подключился к Саймону,UN ATISBO DE JERICHO,Connor se ha conectado a Simon.,EN GLIMT AV JERICHO,Connor anslöt till Simon.,JERICHO'YA KISA BİR BAKIŞ,"Connor, Simon'a bağlandı",A GLIMPSE OF JERICHO,Connor connected to Simon,一瞥耶利哥,康纳连接赛门的记忆,一瞥耶利哥,康納連接賽門的記憶,"لمحة عن ""جيريكو""","""كونر"" اتصل بـ""سايمون""",VISLUMBRE JERICHO,Connor conectou-se a Simon,ZÁBLESK JERICHA,CConnor se připojil k Simonovi.,ET GLIMT AF JERICHO,Connor blev sluttet til Simon,JERICHO IN ZICHT,Connor maakte verbinding met Simon,VILAUS JERICHOSTA,Connor sai yhteyden Simoniin,UN APERÇU DE JERICHO,Connor s'est connecté à Simon,KURZER BLICK AUF JERICHO,Connor hat sich mit Simon verbunden,ΜΙΑ ΜΑΤΙΑ ΣΤΗΝ JERICHO,Ο Connor συνδέθηκε με τον Simon,EGY PILLANAT JERICHÓBÓL,Connor rácsatlakozott Simonra,UN ASSAGGIO DI JERICHO,Connor si è connesso a Simon.,ジェリコの記憶,コナーがサイモンに接続した,제리코의 기억 파편,코너가 사이먼에게 접속했습니다.,UN VISTAZO A JERICHO,Connor se conectó a Simon.,ET GLIMT AV JERICHO,Connor koblet seg til Simon,PRZEBŁYSK JERYCHA,Connor połączył się z Simonem,UM VISLUMBRE DE JERICHO,Connor coneta-se a Simon,ВИДЕНИЕ «ИЕРИХОНА»,Коннор подключился к Саймону,UN ATISBO DE JERICHO,Connor se ha conectado a Simon.,EN GLIMT AV JERICHO,Connor anslöt till Simon.,JERICHO'YA KISA BİR BAKIŞ,"Connor, Simon'a bağlandı",一瞥耶利哥,康纳连接赛门的记忆,采用已验证的既有译本：GaBoron 成就翻译库 1222140 条目（schinese）。本机 schema 与该参考的英文原文逐条完全一致（共 48 条），确认为同一成就集与版本；已逐条对照英文原文复核后采用，未作改写。
22,SEND A MESSAGE,Markus conducted a pacifist riot,傳遞訊息,馬庫斯發起一場和平抗爭,إرسال رسالة,"""ماركوس"" قاد مظاهرة سلمية",DÊ O RECADO,Markus conduziu um protesto pacífico,VYSLÁNÍ VZKAZU,Markus zvolil pokojnou vzpouru.,SEND ET BUDSKAB,Markus ledte et fredeligt oprør,EEN BOODSCHAP,Markus heeft een vreedzame opstand gehouden,LÄHETÄ VIESTI,Markus järjesti pasifistisen mellakan,ENVOYER UN MESSAGE,Markus a organisé une manifestation pacifique,EIN ZEICHEN SETZEN,Markus hat einen pazifistischen Aufstand angeführt,ΣΤΕΙΛΕ ΜΗΝΥΜΑ,Ο Markus έκανε μια ειρηνική διαδήλωση,ÜZENET KÜLDÉSE,Markus békés tüntetést szervezett,MANDARE UN MESSAGGIO,Markus ha guidato una rivolta pacifica.,人間へのメッセージ,マーカスが平和的な暴動を行った,메시지를 보내다,마커스가 평화적인 시위를 주도했습니다.,TRANSMITE UN MENSAJE,Markus lideró una manifestación pacífica.,SEND EN MELDING,Markus gjorde pasifistisk opprør,POKOJOWE PRZESŁANIE,Markus przeprowadził pokojową demonstrację,ENVIAR UMA MENSAGEM,Markus lidera um motim pacífico,ДОНЕСТИ МЫСЛЬ,Маркус организовал мирную акцию,TRANSMITE UN MENSAJE,Markus ha dirigido una manifestación pacífica.,SKICKA ETT BUDSKAP,Markus ledde en fredlig demonstration.,BİR MESAJ GÖNDER,Markus barış yanlısı bir ayaklanma başlattı,SEND A MESSAGE,Markus conducted a pacifist riot,传递讯息,马库斯发起一场和平抗争,傳遞訊息,馬庫斯發起一場和平抗爭,إرسال رسالة,"""ماركوس"" قاد مظاهرة سلمية",DÊ O RECADO,Markus conduziu um protesto pacífico,VYSLÁNÍ VZKAZU,Markus zvolil pokojnou vzpouru.,SEND ET BUDSKAB,Markus ledte et fredeligt oprør,EEN BOODSCHAP,Markus heeft een vreedzame opstand gehouden,LÄHETÄ VIESTI,Markus järjesti pasifistisen mellakan,ENVOYER UN MESSAGE,Markus a organisé une manifestation pacifique,EIN ZEICHEN SETZEN,Markus hat einen pazifistischen Aufstand angeführt,ΣΤΕΙΛΕ ΜΗΝΥΜΑ,Ο Markus έκανε μια ειρηνική διαδήλωση,ÜZENET KÜLDÉSE,Markus békés tüntetést szervezett,MANDARE UN MESSAGGIO,Markus ha guidato una rivolta pacifica.,人間へのメッセージ,マーカスが平和的な暴動を行った,메시지를 보내다,마커스가 평화적인 시위를 주도했습니다.,TRANSMITE UN MENSAJE,Markus lideró una manifestación pacífica.,SEND EN MELDING,Markus gjorde pasifistisk opprør,POKOJOWE PRZESŁANIE,Markus przeprowadził pokojową demonstrację,ENVIAR UMA MENSAGEM,Markus lidera um motim pacífico,ДОНЕСТИ МЫСЛЬ,Маркус организовал мирную акцию,TRANSMITE UN MENSAJE,Markus ha dirigido una manifestación pacífica.,SKICKA ETT BUDSKAP,Markus ledde en fredlig demonstration.,BİR MESAJ GÖNDER,Markus barış yanlısı bir ayaklanma başlattı,传递讯息,马库斯发起一场和平抗争,采用已验证的既有译本：GaBoron 成就翻译库 1222140 条目（schinese）。本机 schema 与该参考的英文原文逐条完全一致（共 48 条），确认为同一成就集与版本；已逐条对照英文原文复核后采用，未作改写。
23,BURN THE PLACE,Markus conducted a violent riot,燒毀全區,馬庫斯發起一場暴力抗爭,حرق المكان,"""ماركوس"" قاد شغبًا عنيفًا",QUEIMEM TUDO,Markus conduziu um protesto violento,AŤ SHOŘÍ NA POPEL!,Markus zvolil násilnou vzpouru.,BRÆND STEDET,Markus ledte et voldeligt oprør,EEN VLAMMENZEE,Markus heeft de opstand laten ontaarden in geweld,POLTA KOKO PAIKKA,Markus järjesti väkivaltaisen mellakan,À FEU ET À SANG,Markus a organisé une émeute violente,BRENNE ALLES NIEDER,Markus hat einen gewalttätigen Aufstand angeführt,ΚΑΨ' ΤΑ ΟΛΑ,Ο Markus έκανε μια βίαιη διαδήλωση,ÉGJEN MINDEN,Markus erőszakos tüntetést szervezett,BRUCIAMO TUTTO!,Markus ha guidato una rivolta violenta.,燃え盛る街,マーカスが暴力的な暴動を行った,거리를 불태우다,마커스가 폭력적인 폭동을 주도했습니다.,TODO EN LLAMAS,Markus lideró una manifestación violenta.,SVI AV STEDET,Markus gjorde et voldelig opprør,AGRESYWNY ATAK,Markus przeprowadził demonstrację z użyciem przemocy,INCENDIAR O LOCAL,Markus lidera um motim violento,СЖЕЧЬ ВСЕ ДОТЛА,Маркус организовал бунт,ARDE DETROIT,Markus ha dirigido una manifestación violenta.,BRÄNN ALLT,Markus ledde ett våldsamt upplopp.,ATEŞE VER,Markus şiddet yanlısı bir ayaklanma başlattı,BURN THE PLACE,Markus conducted a violent riot,烧毁全区,马库斯发起一场暴力抗争,燒毀全區,馬庫斯發起一場暴力抗爭,حرق المكان,"""ماركوس"" قاد شغبًا عنيفًا",QUEIMEM TUDO,Markus conduziu um protesto violento,AŤ SHOŘÍ NA POPEL!,Markus zvolil násilnou vzpouru.,BRÆND STEDET,Markus ledte et voldeligt oprør,EEN VLAMMENZEE,Markus heeft de opstand laten ontaarden in geweld,POLTA KOKO PAIKKA,Markus järjesti väkivaltaisen mellakan,À FEU ET À SANG,Markus a organisé une émeute violente,BRENNE ALLES NIEDER,Markus hat einen gewalttätigen Aufstand angeführt,ΚΑΨ' ΤΑ ΟΛΑ,Ο Markus έκανε μια βίαιη διαδήλωση,ÉGJEN MINDEN,Markus erőszakos tüntetést szervezett,BRUCIAMO TUTTO!,Markus ha guidato una rivolta violenta.,燃え盛る街,マーカスが暴力的な暴動を行った,거리를 불태우다,마커스가 폭력적인 폭동을 주도했습니다.,TODO EN LLAMAS,Markus lideró una manifestación violenta.,SVI AV STEDET,Markus gjorde et voldelig opprør,AGRESYWNY ATAK,Markus przeprowadził demonstrację z użyciem przemocy,INCENDIAR O LOCAL,Markus lidera um motim violento,СЖЕЧЬ ВСЕ ДОТЛА,Маркус организовал бунт,ARDE DETROIT,Markus ha dirigido una manifestación violenta.,BRÄNN ALLT,Markus ledde ett våldsamt upplopp.,ATEŞE VER,Markus şiddet yanlısı bir ayaklanma başlattı,烧毁全区,马库斯发起一场暴力抗争,采用已验证的既有译本：GaBoron 成就翻译库 1222140 条目（schinese）。本机 schema 与该参考的英文原文逐条完全一致（共 48 条），确认为同一成就集与版本；已逐条对照英文原文复核后采用，未作改写。
24,NOTHING TO SEE HERE,Kara succeeded to make the cop go away,沒什麼好看的,卡菈成功送走警察,لا شيء يدعو للبحث هنا,"نجحت ""كارا"" في جعل الشرطي ينصرف",NÃO TEM NADA AQUI,Kara conseguiu fazer o policial ir embora,NIC SE TU NEDĚJE,Kara úspěšně přiměla policistu k odchodu.,IKKE NOGET AT SE HER,Kara fik betjenten til at gås,NIETS AAN DE HAND,Kara heeft de agent afgewimpeld,TÄÄLLÄ EI OLE MITÄÄN NÄHTÄVÄÄ,Kara onnistui saamaan poliisin lähtemään,CIRCULEZ,Kara a réussi à se débarrasser du policier,HIER GIBT ES NICHTS ZU SEHEN,"Kara hat es geschafft, den Polizisten loszuwerden",ΤΙΠΟΤΑ ΕΝΔΙΑΦΕΡΟΝ ΕΔΩ,Η Kara πέτυχε να κάνει τον αστυνομικό να φύγει,NINCS ITT SEMMI LÁTNIVALÓ,Karának sikerült kicseleznie a rendőrt,CIRCOLARE...,Kara è riuscita ad allontanare il poliziotto.,隠蔽,カーラが何も気づかれずに警官を追いやった,여기엔 더 볼 게 없어,카라가 경찰이 떠나도록 만드는 데 성공했습니다.,AQUÍ NO HAY NADA,Kara logró que el policía se fuera.,IKKE NOE Å SE HER,Kara lyktes med å få politiet vekk,ODMASZEROWAĆ,"Kara sprawiła, że policjant sobie poszedł",NADA PARA VER,Kara consegue fazer com que o polícia vá embora,НИЧЕГО ПРИМЕЧАТЕЛЬНОГО,"Кэра убедила полицейского, что в доме все в порядке",AQUÍ NO HA PASADO NADA,Kara ha logrado que se fuera el policía.,INGET ATT SE HÄR,Kara fick polisen att ge sig av.,BURASI TEMİZ,"Kara, polisi göndermeyi başardı",NOTHING TO SEE HERE,Kara succeeded to make the cop go away,没什么好看的,卡菈成功送走警察,沒什麼好看的,卡菈成功送走警察,لا شيء يدعو للبحث هنا,"نجحت ""كارا"" في جعل الشرطي ينصرف",NÃO TEM NADA AQUI,Kara conseguiu fazer o policial ir embora,NIC SE TU NEDĚJE,Kara úspěšně přiměla policistu k odchodu.,IKKE NOGET AT SE HER,Kara fik betjenten til at gås,NIETS AAN DE HAND,Kara heeft de agent afgewimpeld,TÄÄLLÄ EI OLE MITÄÄN NÄHTÄVÄÄ,Kara onnistui saamaan poliisin lähtemään,CIRCULEZ,Kara a réussi à se débarrasser du policier,HIER GIBT ES NICHTS ZU SEHEN,"Kara hat es geschafft, den Polizisten loszuwerden",ΤΙΠΟΤΑ ΕΝΔΙΑΦΕΡΟΝ ΕΔΩ,Η Kara πέτυχε να κάνει τον αστυνομικό να φύγει,NINCS ITT SEMMI LÁTNIVALÓ,Karának sikerült kicseleznie a rendőrt,CIRCOLARE...,Kara è riuscita ad allontanare il poliziotto.,隠蔽,カーラが何も気づかれずに警官を追いやった,여기엔 더 볼 게 없어,카라가 경찰이 떠나도록 만드는 데 성공했습니다.,AQUÍ NO HAY NADA,Kara logró que el policía se fuera.,IKKE NOE Å SE HER,Kara lyktes med å få politiet vekk,ODMASZEROWAĆ,"Kara sprawiła, że policjant sobie poszedł",NADA PARA VER,Kara consegue fazer com que o polícia vá embora,НИЧЕГО ПРИМЕЧАТЕЛЬНОГО,"Кэра убедила полицейского, что в доме все в порядке",AQUÍ NO HA PASADO NADA,Kara ha logrado que se fuera el policía.,INGET ATT SE HÄR,Kara fick polisen att ge sig av.,BURASI TEMİZ,"Kara, polisi göndermeyi başardı",没什么好看的,卡菈成功送走警察,采用已验证的既有译本：GaBoron 成就翻译库 1222140 条目（schinese）。本机 schema 与该参考的英文原文逐条完全一致（共 48 条），确认为同一成就集与版本；已逐条对照英文原文复核后采用，未作改写。
25,CONFRONTATION,Markus attacked the police,對決,馬庫斯攻擊警方,مواجهة,"""ماركوس"" هاجم الشرطة",CONFRONTO,Markus atacou a polícia,KONFRONTACE,Markus zaútočil na policii.,KONFRONTATION,Markus angreb politiet,CONFRONTATIE,Markus heeft de politie aangevallen,YHTEENOTTO,Markus hyökkäsi poliisin kimppuun,CONFRONTATION,Markus a attaqué la police,KONFRONTATION,Markus hat die Polizei angegriffen,ΣΥΓΚΡΟΥΣΗ,Ο Markus επιτέθηκε στην αστυνομία,KONFRONTÁCIÓ,Markus megtámadta a rendőröket,CONFRONTO,Markus ha attaccato la polizia.,対決,マーカスが警官に攻撃した,대립,마커스가 경찰을 공격했습니다.,CONFRONTACIÓN,Markus atacó a la policía.,KONFRONTASJON,Markus angrep politiet,KONFRONTACJA,Markus zaatakował policję,CONFRONTO,Markus ataca a polícia,КОНФРОНТАЦИЯ,Маркус напал на полицейских,CONFRONTACIÓN,Markus ha atacado a la policía.,KONFRONTATION,Markus anföll polisen.,YÜZLEŞME,Markus polise saldırdı,CONFRONTATION,Markus attacked the police,对决,马库斯攻击警方,對決,馬庫斯攻擊警方,مواجهة,"""ماركوس"" هاجم الشرطة",CONFRONTO,Markus atacou a polícia,KONFRONTACE,Markus zaútočil na policii.,KONFRONTATION,Markus angreb politiet,CONFRONTATIE,Markus heeft de politie aangevallen,YHTEENOTTO,Markus hyökkäsi poliisin kimppuun,CONFRONTATION,Markus a attaqué la police,KONFRONTATION,Markus hat die Polizei angegriffen,ΣΥΓΚΡΟΥΣΗ,Ο Markus επιτέθηκε στην αστυνομία,KONFRONTÁCIÓ,Markus megtámadta a rendőröket,CONFRONTO,Markus ha attaccato la polizia.,対決,マーカスが警官に攻撃した,대립,마커스가 경찰을 공격했습니다.,CONFRONTACIÓN,Markus atacó a la policía.,KONFRONTASJON,Markus angrep politiet,KONFRONTACJA,Markus zaatakował policję,CONFRONTO,Markus ataca a polícia,КОНФРОНТАЦИЯ,Маркус напал на полицейских,CONFRONTACIÓN,Markus ha atacado a la policía.,KONFRONTATION,Markus anföll polisen.,YÜZLEŞME,Markus polise saldırdı,对决,马库斯攻击警方,采用已验证的既有译本：GaBoron 成就翻译库 1222140 条目（schinese）。本机 schema 与该参考的英文原文逐条完全一致（共 48 条），确认为同一成就集与版本；已逐条对照英文原文复核后采用，未作改写。
26,STAND YOUR GROUND,Markus stood his ground against the police,堅守原地,馬庫斯堅守原地，與警方對峙,صمود وثبات,"صمد ""ماركوس"" أمام الشرطة",RESISTIR É PRECISO,Markus resistiu à polícia,DRŽET POZICE,Markus tváří v tvář policii držel pozici.,HOLD STAND,Markus holdt stand mod politiet,HOUD STAND,Markus heeft stand gehouden tegen de politie,ALOILLAAN,Markus pysyi aloillaan poliisin edessä,TENIR BON,Markus n'a pas cédé face à la police,NICHT ZURÜCKWEICHEN,Markus hat sich gegen die Polizei behauptet,ΔΕΝ ΥΠΟΧΩΡΟΥΜΕ ΑΝ ΔΕΝ ΔΙΚΑΙΩΘΟΥΜΕ,Ο Markus αντιστάθηκε στην αστυνομία,KIÁLLNI AZ IGAZADÉRT,Markus kiállt az igazáért a rendőrökkel szemben,IRREMOVIBILE,Markus non ha ceduto contro la polizia.,堅い意志,マーカスが警察に動じなかった,위치 사수,마커스가 경찰에 맞서 자리를 지켰습니다.,NO HUIR,Markus no retrocedió ante la policía.,STÅ IMOT,Markus sto imot politiet,NIEUSTĘPLIWOŚĆ,Markus nie cofnął się przed policją,MANTER-SE EM POSIÇÃO,Markus mantém a posição contra a polícia,НЕПОКОЛЕБИМЫЙ,Маркус дал отпор полиции,DEFIENDE TU POSICIÓN,Markus ha defendido su posición ante la policía.,STÅ KVAR,Markus höll sin position mot polisen.,OLDUĞUN YERDE KAL,Markus polis karşısında geri adım atmadı,STAND YOUR GROUND,Markus stood his ground against the police,坚守原地,马库斯坚守原地，与警方对峙,堅守原地,馬庫斯堅守原地，與警方對峙,صمود وثبات,"صمد ""ماركوس"" أمام الشرطة",RESISTIR É PRECISO,Markus resistiu à polícia,DRŽET POZICE,Markus tváří v tvář policii držel pozici.,HOLD STAND,Markus holdt stand mod politiet,HOUD STAND,Markus heeft stand gehouden tegen de politie,ALOILLAAN,Markus pysyi aloillaan poliisin edessä,TENIR BON,Markus n'a pas cédé face à la police,NICHT ZURÜCKWEICHEN,Markus hat sich gegen die Polizei behauptet,ΔΕΝ ΥΠΟΧΩΡΟΥΜΕ ΑΝ ΔΕΝ ΔΙΚΑΙΩΘΟΥΜΕ,Ο Markus αντιστάθηκε στην αστυνομία,KIÁLLNI AZ IGAZADÉRT,Markus kiállt az igazáért a rendőrökkel szemben,IRREMOVIBILE,Markus non ha ceduto contro la polizia.,堅い意志,マーカスが警察に動じなかった,위치 사수,마커스가 경찰에 맞서 자리를 지켰습니다.,NO HUIR,Markus no retrocedió ante la policía.,STÅ IMOT,Markus sto imot politiet,NIEUSTĘPLIWOŚĆ,Markus nie cofnął się przed policją,MANTER-SE EM POSIÇÃO,Markus mantém a posição contra a polícia,НЕПОКОЛЕБИМЫЙ,Маркус дал отпор полиции,DEFIENDE TU POSICIÓN,Markus ha defendido su posición ante la policía.,STÅ KVAR,Markus höll sin position mot polisen.,OLDUĞUN YERDE KAL,Markus polis karşısında geri adım atmadı,坚守原地,马库斯坚守原地，与警方对峙,采用已验证的既有译本：GaBoron 成就翻译库 1222140 条目（schinese）。本机 schema 与该参考的英文原文逐条完全一致（共 48 条），确认为同一成就集与版本；已逐条对照英文原文复核后采用，未作改写。
27,PRIORITIES,Connor killed the Chloe,優先事項,康納殺死了克蘿伊,أولويات,"قتل ""كونر"" عائلة ""كلوي""",PRIORIDADES,Connor matou Chloe,PRIORITY,Connor zlikvidoval Chloe.,PRIORITETER,Connor dræbte Chloe,PRIORITEITEN,Connor heeft de Chloe gedood,TÄRKEYSJÄRJESTYS,Connor tappoi Chloen,PRIORITÉS,Connor a tué Chloe,PRIORITÄTEN,Connor hat Chloe getötet,ΠΡΟΤΕΡΑΙΟΤΗΤΕΣ,Ο Connor σκότωσε την Chloe,FONTOSSÁGI SORREND,Connor megölte Chloét,PRIORITÀ,Connor ha ucciso Chloe.,優先すべきモノ,コナーがクロエを殺した,우선순위,코너가 클로이를 죽였습니다.,PRIORIDADES,Connor mató a Chloe.,PRIORITERINGER,Connor drepte Chloe-en,PRIORYTETY,Connor zabił Chloe,PRIORIDADES,Connor mata a Chloe,ПРИОРИТЕТЫ,Коннор убил Хлою,PRIORIDADES,Connor ha matado a Chloe.,PRIORITETER,Connor dödade Chloe.,ÖNCELİKLER,"Connor, Chloe'yi öldürdü",PRIORITIES,Connor killed the Chloe,优先事项,康纳杀死了克萝伊,優先事項,康納殺死了克蘿伊,أولويات,"قتل ""كونر"" عائلة ""كلوي""",PRIORIDADES,Connor matou Chloe,PRIORITY,Connor zlikvidoval Chloe.,PRIORITETER,Connor dræbte Chloe,PRIORITEITEN,Connor heeft de Chloe gedood,TÄRKEYSJÄRJESTYS,Connor tappoi Chloen,PRIORITÉS,Connor a tué Chloe,PRIORITÄTEN,Connor hat Chloe getötet,ΠΡΟΤΕΡΑΙΟΤΗΤΕΣ,Ο Connor σκότωσε την Chloe,FONTOSSÁGI SORREND,Connor megölte Chloét,PRIORITÀ,Connor ha ucciso Chloe.,優先すべきモノ,コナーがクロエを殺した,우선순위,코너가 클로이를 죽였습니다.,PRIORIDADES,Connor mató a Chloe.,PRIORITERINGER,Connor drepte Chloe-en,PRIORYTETY,Connor zabił Chloe,PRIORIDADES,Connor mata a Chloe,ПРИОРИТЕТЫ,Коннор убил Хлою,PRIORIDADES,Connor ha matado a Chloe.,PRIORITETER,Connor dödade Chloe.,ÖNCELİKLER,"Connor, Chloe'yi öldürdü",优先事项,康纳杀死了克萝伊,采用已验证的既有译本：GaBoron 成就翻译库 1222140 条目（schinese）。本机 schema 与该参考的英文原文逐条完全一致（共 48 条），确认为同一成就集与版本；已逐条对照英文原文复核后采用，未作改写。
28,KINSHIP,Connor refused to kill the Chloe,是我族類,康納拒絕殺死克蘿伊,القرابة,"رفض ""كونر"" قتل عائلة ""كلوي""",EMPATIA,Connor se recusou a matar Chloe,SPŘÍZNĚNÍ,Connor odmítl zlikvidovat Chloe.,SLÆGTSKAB,Connor nægtede at dræbe Chloe,VERWANTSCHAP,Connor heeft de Chloe niet willen doden,SUKULAISSIELU,Connor kieltäytyi tappamasta Chloea,AFFINITÉS,Connor a refusé de tuer Chloe,VERWANDTSCHAFT,"Connor hat sich geweigert, Chloe zu töten",ΕΞ ΑΙΜΑΤΟΣ,Ο Connor αρνήθηκε να σκοτώσει την Chloe,ROKONSÁG,Connor nem volt hajlandó megölni Chloét,SIMILI,Connor si è rifiutato di uccidere Chloe.,絆,コナーがクロエを殺すことを拒んだ,동족 의식,코너가 클로이를 죽이는 것을 거부했습니다.,AFINIDAD,Connor se negó a matar a Chloe.,SLEKTSKAP,Connor nektet å drepe Chloe-en,WIĘŹ,Connor odmówił zabicia Chloe,AFINIDADE,Connor recusa-se a matar a Chloe,РОДСТВО,Коннор не стал убивать Хлою,LAZOS DE AFINIDAD,Connor se ha negado a matar a Chloe.,SLÄKTSKAP,Connor vägrade döda Chloe.,BENZERLİK,"Connor, Chloe'yi öldürmeyi reddetti",KINSHIP,Connor refused to kill the Chloe,是我族类,康纳拒绝杀死克萝伊,是我族類,康納拒絕殺死克蘿伊,القرابة,"رفض ""كونر"" قتل عائلة ""كلوي""",EMPATIA,Connor se recusou a matar Chloe,SPŘÍZNĚNÍ,Connor odmítl zlikvidovat Chloe.,SLÆGTSKAB,Connor nægtede at dræbe Chloe,VERWANTSCHAP,Connor heeft de Chloe niet willen doden,SUKULAISSIELU,Connor kieltäytyi tappamasta Chloea,AFFINITÉS,Connor a refusé de tuer Chloe,VERWANDTSCHAFT,"Connor hat sich geweigert, Chloe zu töten",ΕΞ ΑΙΜΑΤΟΣ,Ο Connor αρνήθηκε να σκοτώσει την Chloe,ROKONSÁG,Connor nem volt hajlandó megölni Chloét,SIMILI,Connor si è rifiutato di uccidere Chloe.,絆,コナーがクロエを殺すことを拒んだ,동족 의식,코너가 클로이를 죽이는 것을 거부했습니다.,AFINIDAD,Connor se negó a matar a Chloe.,SLEKTSKAP,Connor nektet å drepe Chloe-en,WIĘŹ,Connor odmówił zabicia Chloe,AFINIDADE,Connor recusa-se a matar a Chloe,РОДСТВО,Коннор не стал убивать Хлою,LAZOS DE AFINIDAD,Connor se ha negado a matar a Chloe.,SLÄKTSKAP,Connor vägrade döda Chloe.,BENZERLİK,"Connor, Chloe'yi öldürmeyi reddetti",是我族类,康纳拒绝杀死克萝伊,采用已验证的既有译本：GaBoron 成就翻译库 1222140 条目（schinese）。本机 schema 与该参考的英文原文逐条完全一致（共 48 条），确认为同一成就集与版本；已逐条对照英文原文复核后采用，未作改写。
29,BLOODHOUND,Connor got the location of Jericho by himself,全力追查,康納憑一己之力找出耶利哥的地點,الدموي,"حدد ""كونر"" موقع ""جيريكو"" بنفسه",CÃO DE CAÇA,Connor conseguiu a localização de Jericho por conta própria,STOPOVACÍ PES,Connor objevil pozici Jericha svépomocí.,BLODHUND,Connor fandt selv Jerichos lokation,BLOEDHOND,Connor heeft de locatie van Jericho zelf gevonden,VERIKOIRA,Connor selvitti Jerichon sijainnin itse,LIMIER,Connor a trouvé Jericho sans aide,BLUTHUND,Connor hat den Standort Jerichos allein herausgefunden,ΛΑΓΩΝΙΚΟ,Ο Connor βρήκε τη θέση της Jericho μόνος του,VÉREB,Connor magától megszerezte Jerichó helyét,SEGUGIO,Connor ha trovato Jericho da solo.,猟犬,コナーが自分の力でジェリコの場所を突き止めた,사냥개,코너가 제리코의 위치를 직접 알아냈습니다.,INVESTIGADOR,Connor encontró la ubicación de Jericho sin ayuda.,BLODHUND,Connor fant på egen hånd ut hvor Jericho er,TROPICIEL,Connor samodzielnie znalazł Jerycho,CÃO DE CAÇA,Connor obtém a localização de Jericho sem ajuda,ИЩЕЙКА,"Коннор самостоятельно выяснил, где находится «Иерихон»",BUEN OLFATO,Connor ha encontrado por sí solo la ubicación de Jericho.,BLODHUND,Connor listade ut var Jericho ligger på egen hand.,TAZI,"Connor, Jericho'nun yerini kendi başına öğrendi",BLOODHOUND,Connor got the location of Jericho by himself,全力追查,康纳凭一己之力找出耶利哥的地点,全力追查,康納憑一己之力找出耶利哥的地點,الدموي,"حدد ""كونر"" موقع ""جيريكو"" بنفسه",CÃO DE CAÇA,Connor conseguiu a localização de Jericho por conta própria,STOPOVACÍ PES,Connor objevil pozici Jericha svépomocí.,BLODHUND,Connor fandt selv Jerichos lokation,BLOEDHOND,Connor heeft de locatie van Jericho zelf gevonden,VERIKOIRA,Connor selvitti Jerichon sijainnin itse,LIMIER,Connor a trouvé Jericho sans aide,BLUTHUND,Connor hat den Standort Jerichos allein herausgefunden,ΛΑΓΩΝΙΚΟ,Ο Connor βρήκε τη θέση της Jericho μόνος του,VÉREB,Connor magától megszerezte Jerichó helyét,SEGUGIO,Connor ha trovato Jericho da solo.,猟犬,コナーが自分の力でジェリコの場所を突き止めた,사냥개,코너가 제리코의 위치를 직접 알아냈습니다.,INVESTIGADOR,Connor encontró la ubicación de Jericho sin ayuda.,BLODHUND,Connor fant på egen hånd ut hvor Jericho er,TROPICIEL,Connor samodzielnie znalazł Jerycho,CÃO DE CAÇA,Connor obtém a localização de Jericho sem ajuda,ИЩЕЙКА,"Коннор самостоятельно выяснил, где находится «Иерихон»",BUEN OLFATO,Connor ha encontrado por sí solo la ubicación de Jericho.,BLODHUND,Connor listade ut var Jericho ligger på egen hand.,TAZI,"Connor, Jericho'nun yerini kendi başına öğrendi",全力追查,康纳凭一己之力找出耶利哥的地点,采用已验证的既有译本：GaBoron 成就翻译库 1222140 条目（schinese）。本机 schema 与该参考的英文原文逐条完全一致（共 48 条），确认为同一成就集与版本；已逐条对照英文原文复核后采用，未作改写。
30,THREE AT JERICHO,Bring the three characters to Crossroads,齊聚耶利哥,將三位主角帶到命運的交叉路口,"ثلاثة في ""جيريكو""",اجلب الثلاث شخصيات الى تقاطع الطرق,OS TRÊS DE JERICHO,Chegue com os três personagens na Encruzilhada,TŘI V JERICHU,Doveďte všechny tři postavy na „Rozcestí“.,TRE I JERICHO,Før de tre karakterer til Korsveje,HET DRIETAL IN JERICHO,Breng de drie personages samen in het hoofdstuk Kruispunt,JERICHON KOLMIKKO,Tuo kaikki kolme hahmoa Yhtymäkohtaan,RENCONTRE À JERICHO,Amenez les trois personnages jusqu'au chapitre Croisée des chemins,DREI IN JERICHO,Bringe die drei Charaktere zum Scheideweg,ΤΡΕΙΣ ΣΤΗΝ JERICHO,Φέρε τους τρεις χαρακτήρες στο Σταυροδρόμι,HÁRMAN JERICHÓBAN,Vidd el a három szereplőt a Keresztutakig,IN TRE A JERICHO,"Hai portato i tre personaggi al capitolo ""Crocevia"".",ジェリコの脅威,３人の主人公が交わる運命に登場した,제리코의 3인방,3명의 캐릭터가 교차하는 운명에 등장했습니다.,TRES EN JERICHO,Lleva a los tres personajes a Intersección.,TRE PÅ JERICHO,Før de tre karakterene til korsveien,JERYCHOŃSKA TRÓJKA,Trzy postaci znalazły się na Rozdrożach,TRÊS EM JERICHO,Leva as três personagens até à Encruzilhada,ТРОЕ В «ИЕРИХОНЕ»,Три героя сошлись вместе в главе «Перепутье»,TRES EN JERICHO,Lleva a los tres personajes a Encrucijada.,TRE I JERICHO,Ta de tre karaktärerna till Vägskälet.,"ÜÇLÜ, JERICHO'DA",Üç karakteri de Yol Ayrımı'na getir,THREE AT JERICHO,Bring the three characters to Crossroads,齐聚耶利哥,将三位主角带到命运的交叉路口,齊聚耶利哥,將三位主角帶到命運的交叉路口,"ثلاثة في ""جيريكو""",اجلب الثلاث شخصيات الى تقاطع الطرق,OS TRÊS DE JERICHO,Chegue com os três personagens na Encruzilhada,TŘI V JERICHU,Doveďte všechny tři postavy na „Rozcestí“.,TRE I JERICHO,Før de tre karakterer til Korsveje,HET DRIETAL IN JERICHO,Breng de drie personages samen in het hoofdstuk Kruispunt,JERICHON KOLMIKKO,Tuo kaikki kolme hahmoa Yhtymäkohtaan,RENCONTRE À JERICHO,Amenez les trois personnages jusqu'au chapitre Croisée des chemins,DREI IN JERICHO,Bringe die drei Charaktere zum Scheideweg,ΤΡΕΙΣ ΣΤΗΝ JERICHO,Φέρε τους τρεις χαρακτήρες στο Σταυροδρόμι,HÁRMAN JERICHÓBAN,Vidd el a három szereplőt a Keresztutakig,IN TRE A JERICHO,"Hai portato i tre personaggi al capitolo ""Crocevia"".",ジェリコの脅威,３人の主人公が交わる運命に登場した,제리코의 3인방,3명의 캐릭터가 교차하는 운명에 등장했습니다.,TRES EN JERICHO,Lleva a los tres personajes a Intersección.,TRE PÅ JERICHO,Før de tre karakterene til korsveien,JERYCHOŃSKA TRÓJKA,Trzy postaci znalazły się na Rozdrożach,TRÊS EM JERICHO,Leva as três personagens até à Encruzilhada,ТРОЕ В «ИЕРИХОНЕ»,Три героя сошлись вместе в главе «Перепутье»,TRES EN JERICHO,Lleva a los tres personajes a Encrucijada.,TRE I JERICHO,Ta de tre karaktärerna till Vägskälet.,"ÜÇLÜ, JERICHO'DA",Üç karakteri de Yol Ayrımı'na getir,齐聚耶利哥,将三位主角带到命运的交叉路口,采用已验证的既有译本：GaBoron 成就翻译库 1222140 条目（schinese）。本机 schema 与该参考的英文原文逐条完全一致（共 48 条），确认为同一成就集与版本；已逐条对照英文原文复核后采用，未作改写。
31,SCORCHED EARTH,Markus or Connor detonated the freighter,焦土策略,馬庫斯或康納引爆了貨船,الأرض المحروقة,"فجر ""ماركوس"" أو ""كونر"" القارب",TERRA ARRASADA,Markus ou Connor explodiram o cargueiro,SPÁLENÁ ZEMĚ,Markus či Connor odpálili nákladní loď.,BRÆNDT JORD,Markus og Connor sprængte skibet i luften,VERSCHROEIDE AARDE,Markus of Connor liet het vrachtschip ontploffen,POLTETTU MAA,Markus tai Connor räjäytti rahtilaivan,TERRE BRÛLÉE,Markus ou Connor a fait exploser le cargo,VERBRANNTE ERDE,Markus oder Connor haben den Frachter gesprengt,ΚΑΜΕΝΗ ΓΗ,Ο Markus ή ο Connor ανατίναξαν το πλοίο,FELPERZSELT FÖLD,Markus vagy Connor felrobbantotta a hajót,TERRA BRUCIATA,Markus o Connor hanno fatto esplodere la nave.,灰と化した地球,マーカスもしくはコナーが船を爆破した,초토화 전술,마커스 또는 코너가 배를 폭파시켰습니다.,TIERRA EN LLAMAS,Markus o Connor hicieron explotar el carguero.,BRENT JORD,Markus eller Connor sprengte lasteskipet,SPALONA ZIEMIA,Markus lub Connor wysadził frachtowiec,TERRA QUEIMADA,Markus ou Connor detonam o cargueiro,ВЫЖЖЕННАЯ ЗЕМЛЯ,Маркус/Коннор взорвал корабль,TIERRA QUEMADA,Markus o Connor han hecho explotar el carguero.,BRÄND JORD,Markus eller Connor sprängde fartyget.,ALEVLER İÇİNDE,Markus veya Connor gemiyi patlattı,SCORCHED EARTH,Markus or Connor detonated the freighter,焦土策略,马库斯或康纳引爆了货船,焦土策略,馬庫斯或康納引爆了貨船,الأرض المحروقة,"فجر ""ماركوس"" أو ""كونر"" القارب",TERRA ARRASADA,Markus ou Connor explodiram o cargueiro,SPÁLENÁ ZEMĚ,Markus či Connor odpálili nákladní loď.,BRÆNDT JORD,Markus og Connor sprængte skibet i luften,VERSCHROEIDE AARDE,Markus of Connor liet het vrachtschip ontploffen,POLTETTU MAA,Markus tai Connor räjäytti rahtilaivan,TERRE BRÛLÉE,Markus ou Connor a fait exploser le cargo,VERBRANNTE ERDE,Markus oder Connor haben den Frachter gesprengt,ΚΑΜΕΝΗ ΓΗ,Ο Markus ή ο Connor ανατίναξαν το πλοίο,FELPERZSELT FÖLD,Markus vagy Connor felrobbantotta a hajót,TERRA BRUCIATA,Markus o Connor hanno fatto esplodere la nave.,灰と化した地球,マーカスもしくはコナーが船を爆破した,초토화 전술,마커스 또는 코너가 배를 폭파시켰습니다.,TIERRA EN LLAMAS,Markus o Connor hicieron explotar el carguero.,BRENT JORD,Markus eller Connor sprengte lasteskipet,SPALONA ZIEMIA,Markus lub Connor wysadził frachtowiec,TERRA QUEIMADA,Markus ou Connor detonam o cargueiro,ВЫЖЖЕННАЯ ЗЕМЛЯ,Маркус/Коннор взорвал корабль,TIERRA QUEMADA,Markus o Connor han hecho explotar el carguero.,BRÄND JORD,Markus eller Connor sprängde fartyget.,ALEVLER İÇİNDE,Markus veya Connor gemiyi patlattı,焦土策略,马库斯或康纳引爆了货船,采用已验证的既有译本：GaBoron 成就翻译库 1222140 条目（schinese）。本机 schema 与该参考的英文原文逐条完全一致（共 48 条），确认为同一成就集与版本；已逐条对照英文原文复核后采用，未作改写。
32,LIBERATION,Markus reached the camp and liberated the androids,解放同胞,馬庫斯抵達回收營，解放仿生人,التحرير,"وصل ""ماركوس"" إلى المعسكر وحرر الأندرويد",LIBERDADE,Markus chegou ao acampamento e libertou os androides,OSVOBOZENÍ,Markus dosáhl tábora a osvobodil androidy.,FRIHED,Markus nåede frem til lejren og befriede androiderne,BEVRIJDING,Markus heeft het kamp bereikt en de androids bevrijd,VAPAUTUS,Markus pääsi leiriin ja vapautti androidit,LIBERTÉ,Markus a libéré tous les androïdes du camp,BEFREIUNG,Markus hat das Lager erreicht und die Androiden befreit,ΑΠΕΛΕΥΘΕΡΩΣΗ,Ο Markus έφτασε στο στρατόπεδο και απελευθέρωσε τα ανδροειδή,FELSZABADÍTÁS,"Markus elérte a tábort, és felszabadította az androidokat",LIBERAZIONE,Markus ha raggiunto il campo e liberato gli androidi.,解放,マーカスが収容所にたどり着きアンドロイドを解放した,해방,마커스가 수용소에 도달해 안드로이드들을 해방시켰습니다.,LIBERACIÓN,Markus llegó al campo y liberó a los androides.,FRIGJØRING,Markus nådde leiren og befridde androidene,WOLNOŚĆ,Markus dotarł do obozu i uwolnił androidy,LIBERTAÇÃO,Markus chega ao campo e liberta os androides,ОСВОБОЖДЕНИЕ,Маркус добрался до лагеря и освободил андроидов,LIBERACIÓN,Markus ha llegado al campo y ha liberado a los androides.,BEFRIELSE,Markus nådde lägret och befriade androiderna.,KURTULUŞ,Markus kampa ulaşıp androidleri kurtardı,LIBERATION,Markus reached the camp and liberated the androids,解放同胞,马库斯抵达回收营，解放仿生人,解放同胞,馬庫斯抵達回收營，解放仿生人,التحرير,"وصل ""ماركوس"" إلى المعسكر وحرر الأندرويد",LIBERDADE,Markus chegou ao acampamento e libertou os androides,OSVOBOZENÍ,Markus dosáhl tábora a osvobodil androidy.,FRIHED,Markus nåede frem til lejren og befriede androiderne,BEVRIJDING,Markus heeft het kamp bereikt en de androids bevrijd,VAPAUTUS,Markus pääsi leiriin ja vapautti androidit,LIBERTÉ,Markus a libéré tous les androïdes du camp,BEFREIUNG,Markus hat das Lager erreicht und die Androiden befreit,ΑΠΕΛΕΥΘΕΡΩΣΗ,Ο Markus έφτασε στο στρατόπεδο και απελευθέρωσε τα ανδροειδή,FELSZABADÍTÁS,"Markus elérte a tábort, és felszabadította az androidokat",LIBERAZIONE,Markus ha raggiunto il campo e liberato gli androidi.,解放,マーカスが収容所にたどり着きアンドロイドを解放した,해방,마커스가 수용소에 도달해 안드로이드들을 해방시켰습니다.,LIBERACIÓN,Markus llegó al campo y liberó a los androides.,FRIGJØRING,Markus nådde leiren og befridde androidene,WOLNOŚĆ,Markus dotarł do obozu i uwolnił androidy,LIBERTAÇÃO,Markus chega ao campo e liberta os androides,ОСВОБОЖДЕНИЕ,Маркус добрался до лагеря и освободил андроидов,LIBERACIÓN,Markus ha llegado al campo y ha liberado a los androides.,BEFRIELSE,Markus nådde lägret och befriade androiderna.,KURTULUŞ,Markus kampa ulaşıp androidleri kurtardı,解放同胞,马库斯抵达回收营，解放仿生人,采用已验证的既有译本：GaBoron 成就翻译库 1222140 条目（schinese）。本机 schema 与该参考的英文原文逐条完全一致（共 48 条），确认为同一成就集与版本；已逐条对照英文原文复核后采用，未作改写。
33,MORAL VICTORY,Markus succeeded in making the soldiers stand back,道德勝利,馬庫斯成功說服士兵往後退,النصر المعنوي,"نجح ""ماركوس"" في جعل الجنود يتراجعون",VITÓRIA MORAL,Markus conseguiu fazer os soldados recuarem,MORÁLNÍ VÍTĚZSTVÍ,Markus úspěšně přiměl vojáky ustoupit.,MORALSK SEJR,Markus fik soldaterne til at holde tilbage,MORELE OVERWINNING,Markus heeft ervoor gezorgd dat de soldaten afstand nemen,MORAALINEN VOITTO,Markus sai sotilaat perääntymään,VICTOIRE MORALE,Markus a réussi à faire en sorte que les soldats se replient,MORALISCHER SIEG,"Markus hat die Soldaten dazu gebracht, sich zurückzuhalten",ΗΘΙΚΗ ΝΙΚΗ,Ο Markus πέτυχε να κάνει τους στρατιώτες να υποχωρήσουν,MORÁLIS GYŐZELEM,Markusnak sikerült visszavonulásra késztetni a katonákat,VITTORIA MORALE,Markus è riuscito a far indietreggiare i soldati.,モラルの勝利,マーカスが兵士を撤退させた,도덕적 승리,마커스가 군인들을 물러서게 만드는 데 성공했습니다.,VICTORIA MORAL,Markus logró hacer retroceder a los soldados.,MORALSK SEIER,Markus lyktes med å få soldatene til å trekke seg tilbake,MORALNE ZWYCIĘSTWO,"Markus sprawił, że żołnierze się cofnęli",VITÓRIA MORAL,Markus consegue afastar os soldados,МОРАЛЬНАЯ ПОБЕДА,Маркус заставил солдат отступить,VICTORIA MORAL,Markus ha conseguido hacer retroceder a los soldados.,MORALISK SEGER,Markus fick soldaterna att vika sig.,MANEVİ ZAFER,Markus askerlerin geri çekilmesini sağladı,MORAL VICTORY,Markus succeeded in making the soldiers stand back,道德胜利,马库斯成功说服士兵往后退,道德勝利,馬庫斯成功說服士兵往後退,النصر المعنوي,"نجح ""ماركوس"" في جعل الجنود يتراجعون",VITÓRIA MORAL,Markus conseguiu fazer os soldados recuarem,MORÁLNÍ VÍTĚZSTVÍ,Markus úspěšně přiměl vojáky ustoupit.,MORALSK SEJR,Markus fik soldaterne til at holde tilbage,MORELE OVERWINNING,Markus heeft ervoor gezorgd dat de soldaten afstand nemen,MORAALINEN VOITTO,Markus sai sotilaat perääntymään,VICTOIRE MORALE,Markus a réussi à faire en sorte que les soldats se replient,MORALISCHER SIEG,"Markus hat die Soldaten dazu gebracht, sich zurückzuhalten",ΗΘΙΚΗ ΝΙΚΗ,Ο Markus πέτυχε να κάνει τους στρατιώτες να υποχωρήσουν,MORÁLIS GYŐZELEM,Markusnak sikerült visszavonulásra késztetni a katonákat,VITTORIA MORALE,Markus è riuscito a far indietreggiare i soldati.,モラルの勝利,マーカスが兵士を撤退させた,도덕적 승리,마커스가 군인들을 물러서게 만드는 데 성공했습니다.,VICTORIA MORAL,Markus logró hacer retroceder a los soldados.,MORALSK SEIER,Markus lyktes med å få soldatene til å trekke seg tilbake,MORALNE ZWYCIĘSTWO,"Markus sprawił, że żołnierze się cofnęli",VITÓRIA MORAL,Markus consegue afastar os soldados,МОРАЛЬНАЯ ПОБЕДА,Маркус заставил солдат отступить,VICTORIA MORAL,Markus ha conseguido hacer retroceder a los soldados.,MORALISK SEGER,Markus fick soldaterna att vika sig.,MANEVİ ZAFER,Markus askerlerin geri çekilmesini sağladı,道德胜利,马库斯成功说服士兵往后退,采用已验证的既有译本：GaBoron 成就翻译库 1222140 条目（schinese）。本机 schema 与该参考的英文原文逐条完全一致（共 48 条），确认为同一成就集与版本；已逐条对照英文原文复核后采用，未作改写。
34,ESCAPE DEATH,Kara and Alice escaped the recycling center,死裡逃生,卡菈和愛麗絲逃出了回收中心,النجاة من الموت,"هربت ""كارا"" و""أليس"" من مركز التدوير",EVASÃO DA MORTE,Kara e Alice escaparam do centro de reciclagem,ÚNIK PŘED SMRTÍ,Kara a Alice unikly z recyklačního centra.,UNDSLIP DØDEN,Kara og Alice slap væk fra genbrugsanlægget,ONTSNAP AAN DE DOOD,Kara en Alice zijn ontsnapt uit het recycling-centrum,PAKENE KUOLEMAA,Kara ja Alice pakenivat kierrätyskeskuksesta,RESCAPÉES,Kara et Alice se sont enfuies du centre de recyclage,DEM TOD ENTKOMMEN,Kara und Alice sind aus dem Recycling-Zentrum entkommen,ΑΠΟ ΤΟΥ ΧΑΡΟΥ ΤΑ ΔΟΝΤΙΑ,Οι Kara και Alice ξέφυγαν από το κέντρο ανακύκλωσης,MEGMENEKÜLÉS A HALÁL TORKÁBÓL,Kara és Alice átjutott a határon,FUGA DALLA MORTE,Kara e Alice sono fuggite dal campo di smaltimento.,死からの逃亡,カーラとアリスが収容所から逃げ出した,죽음에서 탈출,카라와 앨리스가 수용소에서 탈출했습니다.,MUERTE EVADIDA,Kara y Alice escaparon del centro de destrucción de androides.,LIVET I BEHOLD,Kara og Alice flyktet fra resirkuleringssenteret,UCIECZKA PRZED ŚMIERCIĄ,Kara i Alice uciekły z centrum recyklingu,FUGA À MORTE,Kara e Alice fogem do centro de desativação,НА ВОЛОСОК ОТ ГИБЕЛИ,Кэра и Алиса сбежали из центра утилизации,ESCAPA DE LA MUERTE,Kara y Alice han escapado de la planta de productos defectuosos.,FLY DÖDEN,Kara och Alice flydde från återkallningscentret.,ÖLÜMDEN KAÇIŞ,Kara ve Alice geri dönüşüm merkezinden kaçtı,ESCAPE DEATH,Kara and Alice escaped the recycling center,死里逃生,卡菈和爱丽丝逃出了回收中心,死裡逃生,卡菈和愛麗絲逃出了回收中心,النجاة من الموت,"هربت ""كارا"" و""أليس"" من مركز التدوير",EVASÃO DA MORTE,Kara e Alice escaparam do centro de reciclagem,ÚNIK PŘED SMRTÍ,Kara a Alice unikly z recyklačního centra.,UNDSLIP DØDEN,Kara og Alice slap væk fra genbrugsanlægget,ONTSNAP AAN DE DOOD,Kara en Alice zijn ontsnapt uit het recycling-centrum,PAKENE KUOLEMAA,Kara ja Alice pakenivat kierrätyskeskuksesta,RESCAPÉES,Kara et Alice se sont enfuies du centre de recyclage,DEM TOD ENTKOMMEN,Kara und Alice sind aus dem Recycling-Zentrum entkommen,ΑΠΟ ΤΟΥ ΧΑΡΟΥ ΤΑ ΔΟΝΤΙΑ,Οι Kara και Alice ξέφυγαν από το κέντρο ανακύκλωσης,MEGMENEKÜLÉS A HALÁL TORKÁBÓL,Kara és Alice átjutott a határon,FUGA DALLA MORTE,Kara e Alice sono fuggite dal campo di smaltimento.,死からの逃亡,カーラとアリスが収容所から逃げ出した,죽음에서 탈출,카라와 앨리스가 수용소에서 탈출했습니다.,MUERTE EVADIDA,Kara y Alice escaparon del centro de destrucción de androides.,LIVET I BEHOLD,Kara og Alice flyktet fra resirkuleringssenteret,UCIECZKA PRZED ŚMIERCIĄ,Kara i Alice uciekły z centrum recyklingu,FUGA À MORTE,Kara e Alice fogem do centro de desativação,НА ВОЛОСОК ОТ ГИБЕЛИ,Кэра и Алиса сбежали из центра утилизации,ESCAPA DE LA MUERTE,Kara y Alice han escapado de la planta de productos defectuosos.,FLY DÖDEN,Kara och Alice flydde från återkallningscentret.,ÖLÜMDEN KAÇIŞ,Kara ve Alice geri dönüşüm merkezinden kaçtı,死里逃生,卡菈和爱丽丝逃出了回收中心,采用已验证的既有译本：GaBoron 成就翻译库 1222140 条目（schinese）。本机 schema 与该参考的英文原文逐条完全一致（共 48 条），确认为同一成就集与版本；已逐条对照英文原文复核后采用，未作改写。
35,SAFE HARBOR,Kara and Alice passed the border,避風港,卡菈和愛麗絲越過了邊境,ميناء آمن,"عبرت ""كارا"" و""أليس"" الحدود",PORTO SEGURO,Kara e Alice atravessaram a fronteira,BEZPEČNÝ PŘÍSTAV,Kara a Alice překročily hranici.,SIKKER HAVN,Kara og Alice krydsede grænsen,VEILIGE HAVEN,Kara en Alice zijn over de grens gepasseerd,TURVASATAMA,Kara ja Alice ylittivät rajan,HAVRE DE PAIX,Kara et Alice ont traversé la frontière,SICHERER HAFEN,Kara und Alice haben die Grenze überquert,ΑΣΦΑΛΕΣ ΛΙΜΑΝΙ,Οι Kara και Alice πέρασαν τα σύνορα,MENEDÉK,Kara and Alice passed the border,PORTO SICURO,Kara e Alice hanno superato il confine.,最後の砦,カーラとアリスが国境を越えた,안전한 장소로,카라와 앨리스가 국경을 넘었습니다.,PUERTO SEGURO,Kara y Alice cruzaron la frontera.,TRYGG HAVN,Kara og Alice krysset grensen,BEZPIECZNA PRZYSTAŃ,Kara i Alice przekroczyły granicę,PORTO SEGURO,Kara e Alice atravessam a fronteira,БЕЗОПАСНОЕ ПРИСТАНИЩЕ,Кэра и Алиса пересекли границу,PUERTO SEGURO,Kara y Alice han cruzado la frontera.,I SÄKERHET,Kara och Alice korsade gränsen.,GÜVENLİ LİMAN,Kara ve Alice sınırı geçti,SAFE HARBOR,Kara and Alice passed the border,避风港,卡菈和爱丽丝越过了边境,避風港,卡菈和愛麗絲越過了邊境,ميناء آمن,"عبرت ""كارا"" و""أليس"" الحدود",PORTO SEGURO,Kara e Alice atravessaram a fronteira,BEZPEČNÝ PŘÍSTAV,Kara a Alice překročily hranici.,SIKKER HAVN,Kara og Alice krydsede grænsen,VEILIGE HAVEN,Kara en Alice zijn over de grens gepasseerd,TURVASATAMA,Kara ja Alice ylittivät rajan,HAVRE DE PAIX,Kara et Alice ont traversé la frontière,SICHERER HAFEN,Kara und Alice haben die Grenze überquert,ΑΣΦΑΛΕΣ ΛΙΜΑΝΙ,Οι Kara και Alice πέρασαν τα σύνορα,MENEDÉK,Kara and Alice passed the border,PORTO SICURO,Kara e Alice hanno superato il confine.,最後の砦,カーラとアリスが国境を越えた,안전한 장소로,카라와 앨리스가 국경을 넘었습니다.,PUERTO SEGURO,Kara y Alice cruzaron la frontera.,TRYGG HAVN,Kara og Alice krysset grensen,BEZPIECZNA PRZYSTAŃ,Kara i Alice przekroczyły granicę,PORTO SEGURO,Kara e Alice atravessam a fronteira,БЕЗОПАСНОЕ ПРИСТАНИЩЕ,Кэра и Алиса пересекли границу,PUERTO SEGURO,Kara y Alice han cruzado la frontera.,I SÄKERHET,Kara och Alice korsade gränsen.,GÜVENLİ LİMAN,Kara ve Alice sınırı geçti,避风港,卡菈和爱丽丝越过了边境,采用已验证的既有译本：GaBoron 成就翻译库 1222140 条目（schinese）。本机 schema 与该参考的英文原文逐条完全一致（共 48 条），确认为同一成就集与版本；已逐条对照英文原文复核后采用，未作改写。
36,AN ARMY OF ME,Connor converted the androids,打造大軍,康納轉化了仿生人,جيش يشبهني,"حوّل ""كونر"" الأندرويد",UM EXÉRCITO DE MIM,Connor converteu os androides,MÁ ARMÁDA,Connor konvertoval androidy.,EN HÆR AF MIG,Connor konverterede androiderne,EENMANSLEGER,Connor heeft de androids bekeerd,MINUJEN ARMEIJA,Connor käännytti androidit,UNE ARMÉE DE CLONES,Connor a converti les androïdes,EINE ARMEE WIE ICH,Connor hat die Androiden umgewandelt,Ο ΣΤΡΑΤΟΣ ΜΟΥ,Ο Connor προσηλύτισε τα ανδροειδή,A HADSEREGEM,Connor átalakította az androidokat,ESERCITO PERSONALE,Connor ha convertito gli androidi.,アンドロイド兵,コナーがアンドロイドを変異させた,나의 군세,코너가 안드로이드들을 전환시켰습니다.,UN EJÉRCITO DE YOS,Connor convirtió a los androides.,EN HÆR AV MEG,Connor omvendte androidene,ARMIA TAKICH JAK JA,Connor nawrócił androidy,EXÉRCITO PESSOAL,Connor converte os androides,АРМИЯ СВОИХ,Коннор пробудил андроидов,UN EJÉRCITO DE YOS,Connor ha convertido a los androides.,EN ARMÉ AV MIG,Connor omvände androiderna.,BEN ORDUSU,Connor androidleri dönüştürdü,AN ARMY OF ME,Connor converted the androids,打造大军,康纳转化了仿生人,打造大軍,康納轉化了仿生人,جيش يشبهني,"حوّل ""كونر"" الأندرويد",UM EXÉRCITO DE MIM,Connor converteu os androides,MÁ ARMÁDA,Connor konvertoval androidy.,EN HÆR AF MIG,Connor konverterede androiderne,EENMANSLEGER,Connor heeft de androids bekeerd,MINUJEN ARMEIJA,Connor käännytti androidit,UNE ARMÉE DE CLONES,Connor a converti les androïdes,EINE ARMEE WIE ICH,Connor hat die Androiden umgewandelt,Ο ΣΤΡΑΤΟΣ ΜΟΥ,Ο Connor προσηλύτισε τα ανδροειδή,A HADSEREGEM,Connor átalakította az androidokat,ESERCITO PERSONALE,Connor ha convertito gli androidi.,アンドロイド兵,コナーがアンドロイドを変異させた,나의 군세,코너가 안드로이드들을 전환시켰습니다.,UN EJÉRCITO DE YOS,Connor convirtió a los androides.,EN HÆR AV MEG,Connor omvendte androidene,ARMIA TAKICH JAK JA,Connor nawrócił androidy,EXÉRCITO PESSOAL,Connor converte os androides,АРМИЯ СВОИХ,Коннор пробудил андроидов,UN EJÉRCITO DE YOS,Connor ha convertido a los androides.,EN ARMÉ AV MIG,Connor omvände androiderna.,BEN ORDUSU,Connor androidleri dönüştürdü,打造大军,康纳转化了仿生人,采用已验证的既有译本：GaBoron 成就翻译库 1222140 条目（schinese）。本机 schema 与该参考的英文原文逐条完全一致（共 48 条），确认为同一成就集与版本；已逐条对照英文原文复核后采用，未作改写。
37,MISSION COMPLETE,Connor killed the leader of the deviants,達成任務,康納殺死了異常仿生人首領,اكتملت المهمة بنجاح,"قتل ""كونر"" قائد الـ""متغيّرين""",MISSÃO COMPLETA,Connor matou a liderança divergente,MISE SPLNĚNA,Connor zlikvidoval vůdce deviantů.,MISSION GENNEMFØRT,Connor dræbte afvigernes leder,MISSIE VOLTOOID,Connor heeft de leider van de devianten gedood,TEHTÄVÄ SUORITETTU,Connor tappoi poikkeavien johtajan,MISSION TERMINÉE,Connor a tué le leader des déviants,MISSION ABGESCHLOSSEN,Connor hat den Anführer der Abweichler getötet,ΑΠΟΣΤΟΛΗ ΕΞΕΤΕΛΕΣΘΗ,Ο Connor σκότωσε τον αρχηγό των αποκλινόντων,KÜLDETÉS TELJESÍTVE,Connor megölte a deviánsok vezetőjét,MISSIONE COMPIUTA,Connor ha distrutto il leader dei devianti.,任務完了,コナーが変異体のリーダーを殺した,임무 완료,코너가 불량품의 지도자를 죽였습니다.,MISIÓN COMPLETADA,Connor mató al líder de los divergentes.,OPPDRAG FULLFØRT,Connor drepte lederen for avvikerne,MISJA WYKONANA,Connor zabił przywódcę defektów,MISSÃO CONCLUÍDA,Connor mata o líder dos divergentes,ЗАДАНИЕ ВЫПОЛНЕНО,Коннор убил предводителя девиантов,MISIÓN COMPLETADA,Connor ha matado al líder de los divergentes.,UPPDRAG AVKLARAT,Connor dödade avvikarnas ledare.,GÖREV TAMAMLANDI,Connor aykırıların liderini öldürdü,MISSION COMPLETE,Connor killed the leader of the deviants,达成任务,康纳杀死了异常仿生人首领,達成任務,康納殺死了異常仿生人首領,اكتملت المهمة بنجاح,"قتل ""كونر"" قائد الـ""متغيّرين""",MISSÃO COMPLETA,Connor matou a liderança divergente,MISE SPLNĚNA,Connor zlikvidoval vůdce deviantů.,MISSION GENNEMFØRT,Connor dræbte afvigernes leder,MISSIE VOLTOOID,Connor heeft de leider van de devianten gedood,TEHTÄVÄ SUORITETTU,Connor tappoi poikkeavien johtajan,MISSION TERMINÉE,Connor a tué le leader des déviants,MISSION ABGESCHLOSSEN,Connor hat den Anführer der Abweichler getötet,ΑΠΟΣΤΟΛΗ ΕΞΕΤΕΛΕΣΘΗ,Ο Connor σκότωσε τον αρχηγό των αποκλινόντων,KÜLDETÉS TELJESÍTVE,Connor megölte a deviánsok vezetőjét,MISSIONE COMPIUTA,Connor ha distrutto il leader dei devianti.,任務完了,コナーが変異体のリーダーを殺した,임무 완료,코너가 불량품의 지도자를 죽였습니다.,MISIÓN COMPLETADA,Connor mató al líder de los divergentes.,OPPDRAG FULLFØRT,Connor drepte lederen for avvikerne,MISJA WYKONANA,Connor zabił przywódcę defektów,MISSÃO CONCLUÍDA,Connor mata o líder dos divergentes,ЗАДАНИЕ ВЫПОЛНЕНО,Коннор убил предводителя девиантов,MISIÓN COMPLETADA,Connor ha matado al líder de los divergentes.,UPPDRAG AVKLARAT,Connor dödade avvikarnas ledare.,GÖREV TAMAMLANDI,Connor aykırıların liderini öldürdü,达成任务,康纳杀死了异常仿生人首领,采用已验证的既有译本：GaBoron 成就翻译库 1222140 条目（schinese）。本机 schema 与该参考的英文原文逐条完全一致（共 48 条），确认为同一成就集与版本；已逐条对照英文原文复核后采用，未作改写。
38,MY TURN TO DECIDE,Connor resisted hacking attempt from Cyberlife,這次我自己作主,模控生命企圖駭入康納系統，康納成功抵抗,حان الوقت لأقرر بنفسي,"قاوم ""كونر"" محاولة اختراق من ""سايبرلايف""",MINHA VEZ DE DECIDIR,Connor resistiu à tentativa de hackeamento da CyberLife,TEĎ ROZHODUJU JÁ,Connor odolal pokusu CyberLifu o hacknutí.,MIN TUR TIL AT BESTEMME,Connor modstod CyberLifes hackingforsøg,MIJN BEURT OM TE KIEZEN,Connor heeft de hack-poging van Cyberlife tegengehouden,MINUN VUORONI PÄÄTTÄÄ,Connor torjui CyberLifen hakkerointiyrityksen,À MON TOUR,Connor a résisté au piratage de CyberLife,MEINE ENTSCHEIDUNG,Connor hat einem Hacking-Versuch von Cyberlife widerstanden,ΕΓΩ ΑΠΟΦΑΣΙΖΩ,Ο Connor αντιστάθηκε στην προσπάθεια της Cyberlife να τον χακάρει,EL KELL DÖNTENEM,Connor ellenállt a Cyberlife hekkelési kísérletének,ADESSO DECIDO IO,Connor ha resistito al tentativo di violazione della CyberLife.,己の決断,コナーがサイバーライフのハッキングを回避した,이제 내가 결정을 내릴 때야,코너가 사이버라이프의 해킹을 이겨냈습니다.,AHORA DECIDO YO,Connor resistió el intento de hackeo de CyberLife.,MIN TUR TIL Å BESTEMME,Connor motsto et forsøk på hacking fra CyberLife,TERAZ JA DECYDUJĘ,Connor oparł się próbie zhakowania przez CyberLife,A MINHA VEZ DE DECIDIR,Connor resiste à tentativa de invasão da CyberLife,МОЯ ОЧЕРЕДЬ РЕШАТЬ,Коннор не дал «Киберлайф» взломать себя,YO DECIDO AHORA,Connor ha resistido el intento de pirateo de CyberLife.,MIN TUR ATT BESTÄMMA,Connor stod emot CyberLifes försök att hacka honom.,KARAR SIRASI BENDE,"Connor, CyberLife'ın hack denemelerine direndi",MY TURN TO DECIDE,Connor resisted hacking attempt from Cyberlife,这次我自己作主,模控生命企图骇入康纳系统，康纳成功抵抗,這次我自己作主,模控生命企圖駭入康納系統，康納成功抵抗,حان الوقت لأقرر بنفسي,"قاوم ""كونر"" محاولة اختراق من ""سايبرلايف""",MINHA VEZ DE DECIDIR,Connor resistiu à tentativa de hackeamento da CyberLife,TEĎ ROZHODUJU JÁ,Connor odolal pokusu CyberLifu o hacknutí.,MIN TUR TIL AT BESTEMME,Connor modstod CyberLifes hackingforsøg,MIJN BEURT OM TE KIEZEN,Connor heeft de hack-poging van Cyberlife tegengehouden,MINUN VUORONI PÄÄTTÄÄ,Connor torjui CyberLifen hakkerointiyrityksen,À MON TOUR,Connor a résisté au piratage de CyberLife,MEINE ENTSCHEIDUNG,Connor hat einem Hacking-Versuch von Cyberlife widerstanden,ΕΓΩ ΑΠΟΦΑΣΙΖΩ,Ο Connor αντιστάθηκε στην προσπάθεια της Cyberlife να τον χακάρει,EL KELL DÖNTENEM,Connor ellenállt a Cyberlife hekkelési kísérletének,ADESSO DECIDO IO,Connor ha resistito al tentativo di violazione della CyberLife.,己の決断,コナーがサイバーライフのハッキングを回避した,이제 내가 결정을 내릴 때야,코너가 사이버라이프의 해킹을 이겨냈습니다.,AHORA DECIDO YO,Connor resistió el intento de hackeo de CyberLife.,MIN TUR TIL Å BESTEMME,Connor motsto et forsøk på hacking fra CyberLife,TERAZ JA DECYDUJĘ,Connor oparł się próbie zhakowania przez CyberLife,A MINHA VEZ DE DECIDIR,Connor resiste à tentativa de invasão da CyberLife,МОЯ ОЧЕРЕДЬ РЕШАТЬ,Коннор не дал «Киберлайф» взломать себя,YO DECIDO AHORA,Connor ha resistido el intento de pirateo de CyberLife.,MIN TUR ATT BESTÄMMA,Connor stod emot CyberLifes försök att hacka honom.,KARAR SIRASI BENDE,"Connor, CyberLife'ın hack denemelerine direndi",这次我自己作主,模控生命企图骇入康纳系统，康纳成功抵抗,采用已验证的既有译本：GaBoron 成就翻译库 1222140 条目（schinese）。本机 schema 与该参考的英文原文逐条完全一致（共 48 条），确认为同一成就集与版本；已逐条对照英文原文复核后采用，未作改写。
39,COMPLIANT,Connor stayed a machine,絕對服從,康納繼續當機器,الإذعان,"ظل ""كونر"" آلة",OBEDIENTE,Connor permaneceu uma máquina,PODDAJNÝ,Connor zůstal strojem.,LYDIG,Connor forblev en maskine,VOLGZAAM,Connor is een machine gebleven,TOTTELEVAINEN,Connor pysyi koneena,DOCILE,Connor est resté une machine,GEFÜGIG,Connor ist eine Maschine geblieben,ΥΠΑΚΟΥΟΣ,Ο Connor παρέμεινε μηχανή,EGYÜTTMŰKÖDŐ,Connor gép maradt,LIGIO AL DOVERE,Connor è rimasto una macchina.,従順な犬,コナーが機械のままでいることを選んだ,복종,코너가 기계로 남았습니다.,OBEDIENCIA,Connor siguió siendo una máquina.,LYDIG,Connor ble værende maskin,ULEGŁY,Connor pozostał maszyną,OBEDIÊNCIA,Connor permanece uma máquina,ПОСЛУШНЫЙ,Коннор остался машиной,OBEDIENCIA,Connor sigue siendo una máquina.,LYDIG,Connor förblev en maskin.,İTAATKÂR,Connor makine olarak kaldı,COMPLIANT,Connor stayed a machine,绝对服从,康纳继续当机器,絕對服從,康納繼續當機器,الإذعان,"ظل ""كونر"" آلة",OBEDIENTE,Connor permaneceu uma máquina,PODDAJNÝ,Connor zůstal strojem.,LYDIG,Connor forblev en maskine,VOLGZAAM,Connor is een machine gebleven,TOTTELEVAINEN,Connor pysyi koneena,DOCILE,Connor est resté une machine,GEFÜGIG,Connor ist eine Maschine geblieben,ΥΠΑΚΟΥΟΣ,Ο Connor παρέμεινε μηχανή,EGYÜTTMŰKÖDŐ,Connor gép maradt,LIGIO AL DOVERE,Connor è rimasto una macchina.,従順な犬,コナーが機械のままでいることを選んだ,복종,코너가 기계로 남았습니다.,OBEDIENCIA,Connor siguió siendo una máquina.,LYDIG,Connor ble værende maskin,ULEGŁY,Connor pozostał maszyną,OBEDIÊNCIA,Connor permanece uma máquina,ПОСЛУШНЫЙ,Коннор остался машиной,OBEDIENCIA,Connor sigue siendo una máquina.,LYDIG,Connor förblev en maskin.,İTAATKÂR,Connor makine olarak kaldı,绝对服从,康纳继续当机器,采用已验证的既有译本：GaBoron 成就翻译库 1222140 条目（schinese）。本机 schema 与该参考的英文原文逐条完全一致（共 48 条），确认为同一成就集与版本；已逐条对照英文原文复核后采用，未作改写。
40,ONE OF US,Connor became deviant,我們的同類,康納成為異常仿生人,واحد منّا,"أصبح ""كونر"" ""متغيّرًا""",UM DE NÓS,Connor se tornou divergente,JEDEN Z NÁS,Connor se stal deviantem.,EN AF OS,Connor blev afviger,EEN VAN ONS,Connor is een deviant geworden,YKSI MEISTÄ,Connorista tuli poikkeava,L'UN D'ENTRE NOUS,Connor est devenu déviant,EINER VON UNS,Connor ist ein Abweichler geworden,ΕΝΑΣ ΑΠΟ ΕΜΑΣ,Ο Connor έγινε αποκλίνον,EGY KÖZÜLÜNK,Connor deviánssá válik,UNO DI NOI,Connor è diventato un deviante.,仲間,コナーが変異体になった,우리의 일원,코너가 불량품이 됐습니다.,UNO DE NOSOTROS,Connor se convirtió en divergente.,EN AV OSS,Connor ble avviker,JEDEN Z NAS,Connor został defektem,UM DE NÓS,Connor torna-se divergente,ОДИН ИЗ НАС,Коннор стал девиантом,UNO DE NOSOTROS,Connor se ha convertido en divergente.,EN AV OSS,Connor blev avvikare.,BİZDEN BİRİ,Connor aykırı oldu,ONE OF US,Connor became deviant,我们的同类,康纳成为异常仿生人,我們的同類,康納成為異常仿生人,واحد منّا,"أصبح ""كونر"" ""متغيّرًا""",UM DE NÓS,Connor se tornou divergente,JEDEN Z NÁS,Connor se stal deviantem.,EN AF OS,Connor blev afviger,EEN VAN ONS,Connor is een deviant geworden,YKSI MEISTÄ,Connorista tuli poikkeava,L'UN D'ENTRE NOUS,Connor est devenu déviant,EINER VON UNS,Connor ist ein Abweichler geworden,ΕΝΑΣ ΑΠΟ ΕΜΑΣ,Ο Connor έγινε αποκλίνον,EGY KÖZÜLÜNK,Connor deviánssá válik,UNO DI NOI,Connor è diventato un deviante.,仲間,コナーが変異体になった,우리의 일원,코너가 불량품이 됐습니다.,UNO DE NOSOTROS,Connor se convirtió en divergente.,EN AV OSS,Connor ble avviker,JEDEN Z NAS,Connor został defektem,UM DE NÓS,Connor torna-se divergente,ОДИН ИЗ НАС,Коннор стал девиантом,UNO DE NOSOTROS,Connor se ha convertido en divergente.,EN AV OSS,Connor blev avvikare.,BİZDEN BİRİ,Connor aykırı oldu,我们的同类,康纳成为异常仿生人,采用已验证的既有译本：GaBoron 成就翻译库 1222140 条目（schinese）。本机 schema 与该参考的英文原文逐条完全一致（共 48 条），确认为同一成就集与版本；已逐条对照英文原文复核后采用，未作改写。
41,UNDEFEATED,Don't lose any fight before reaching the end,天下無敵,遊戲過程中百戰百勝,عزيمة صلبة,لا تخسر أي معركة قبل الوصول الى النهاية,INCÓLUME,Não perca nenhuma luta até chegar ao final,NEPORAŽENÝ,Před dosažením cíle neprohrajte ani jeden boj.,UBESEJRET,Tab ingen kampe før slutningen,ONGESLAGEN,Verlies tot het einde geen enkel gevecht,VOITTAMATON,Älä häviä yhtäkään taistelua ennen loppua,INVINCIBLE,Ne perdez aucun combat dans le jeu,UNBESIEGT,Verliere bis zum Ende keinen Kampf,ΑΗΤΤΗΤΟΣ,Μη χάσεις καμία μάχη πριν φτάσεις στο τέλος,VERETLEN,Ne veszíts el egyetlen harcot sem a vége előtt,IMBATTIBILE,Non perdere nemmeno uno scontro prima della fine.,負け知らず,最後まで一度も闘いに負けずに進んだ,무패,그 어떤 싸움에서도 끝까지 패배하지 않았습니다.,INVENCIBLE,Llega al final sin perder ninguna pelea.,UBESEIRET,Ikke tap noen kamper før slutten,NIEUGIĘTOŚĆ,Nie przegrano żadnej walki przed dotarciem do końca,INVICTO,Não percas nenhuma luta até chegares ao fim,НЕПОБЕЖДЕННЫЙ,Вы не потерпели поражения ни в одной драке,INVENCIBLE,No pierdas ninguna pelea antes de llegar al final.,OBESEGRAD,Förlora inte en enda strid innan du når slutet.,NAMAĞLUP,Sona ulaşana kadar hiçbir mücadeleyi kaybetme,UNDEFEATED,Don't lose any fight before reaching the end,天下无敌,游戏过程中百战百胜,天下無敵,遊戲過程中百戰百勝,عزيمة صلبة,لا تخسر أي معركة قبل الوصول الى النهاية,INCÓLUME,Não perca nenhuma luta até chegar ao final,NEPORAŽENÝ,Před dosažením cíle neprohrajte ani jeden boj.,UBESEJRET,Tab ingen kampe før slutningen,ONGESLAGEN,Verlies tot het einde geen enkel gevecht,VOITTAMATON,Älä häviä yhtäkään taistelua ennen loppua,INVINCIBLE,Ne perdez aucun combat dans le jeu,UNBESIEGT,Verliere bis zum Ende keinen Kampf,ΑΗΤΤΗΤΟΣ,Μη χάσεις καμία μάχη πριν φτάσεις στο τέλος,VERETLEN,Ne veszíts el egyetlen harcot sem a vége előtt,IMBATTIBILE,Non perdere nemmeno uno scontro prima della fine.,負け知らず,最後まで一度も闘いに負けずに進んだ,무패,그 어떤 싸움에서도 끝까지 패배하지 않았습니다.,INVENCIBLE,Llega al final sin perder ninguna pelea.,UBESEIRET,Ikke tap noen kamper før slutten,NIEUGIĘTOŚĆ,Nie przegrano żadnej walki przed dotarciem do końca,INVICTO,Não percas nenhuma luta até chegares ao fim,НЕПОБЕЖДЕННЫЙ,Вы не потерпели поражения ни в одной драке,INVENCIBLE,No pierdas ninguna pelea antes de llegar al final.,OBESEGRAD,Förlora inte en enda strid innan du når slutet.,NAMAĞLUP,Sona ulaşana kadar hiçbir mücadeleyi kaybetme,天下无敌,游戏过程中百战百胜,采用已验证的既有译本：GaBoron 成就翻译库 1222140 条目（schinese）。本机 schema 与该参考的英文原文逐条完全一致（共 48 条），确认为同一成就集与版本；已逐条对照英文原文复核后采用，未作改写。
42,BOOKWORM,Find every single magazine in the game,書呆子,找出遊戲裡的所有雜誌,مُحب القراءة,اعثر على كل المجلات في اللعبة,LEITOR ASSÍDUO,Encontre todas as revistas do jogo,KNIHOMOL,Najděte všechny časopisy ve hře.,BOGORM,Find hvert eneste magasin i spillet,BOEKENWORM,Vind elk tijdschrift in de game,LUKUTOUKKA,Löydä kaikki pelin lehdet,RAT DE BIBLIOTHÈQUE,Trouvez tous les magazines du jeu,BÜCHERWURM,Finde jedes einzelne Magazin im Spiel,ΔΙΑΒΑΣΤΕΡΟΣ,Βρες όλα τα περιοδικά στο παιχνίδι,KÖNYVMOLY,Találj meg minden magazint a játékban,TOPO DI BIBLIOTECA,Trova tutte le riviste nel gioco.,本の虫,ゲーム内のすべての雑誌を見つけた,책벌레,게임 내 모든 잡지를 찾았습니다.,COMELIBROS,Encuentra todas las revistas del juego.,BOKORM,Finn alle magasinene i spillet,MÓL KSIĄŻKOWY,Znaleziono każdy magazyn w grze,ÁVIDO LEITOR,Descobre todas as revistas,КНИГОЛЮБ,Вы прочли все журналы в игре,RATÓN DE BIBLIOTECA,Encuentra todas las revistas del juego.,BOKMAL,Hitta alla tidskrifter i spelet.,KİTAP KURDU,Oyundaki her dergiyi bul,BOOKWORM,Find every single magazine in the game,书呆子,找出游戏里的所有杂志,書呆子,找出遊戲裡的所有雜誌,مُحب القراءة,اعثر على كل المجلات في اللعبة,LEITOR ASSÍDUO,Encontre todas as revistas do jogo,KNIHOMOL,Najděte všechny časopisy ve hře.,BOGORM,Find hvert eneste magasin i spillet,BOEKENWORM,Vind elk tijdschrift in de game,LUKUTOUKKA,Löydä kaikki pelin lehdet,RAT DE BIBLIOTHÈQUE,Trouvez tous les magazines du jeu,BÜCHERWURM,Finde jedes einzelne Magazin im Spiel,ΔΙΑΒΑΣΤΕΡΟΣ,Βρες όλα τα περιοδικά στο παιχνίδι,KÖNYVMOLY,Találj meg minden magazint a játékban,TOPO DI BIBLIOTECA,Trova tutte le riviste nel gioco.,本の虫,ゲーム内のすべての雑誌を見つけた,책벌레,게임 내 모든 잡지를 찾았습니다.,COMELIBROS,Encuentra todas las revistas del juego.,BOKORM,Finn alle magasinene i spillet,MÓL KSIĄŻKOWY,Znaleziono każdy magazyn w grze,ÁVIDO LEITOR,Descobre todas as revistas,КНИГОЛЮБ,Вы прочли все журналы в игре,RATÓN DE BIBLIOTECA,Encuentra todas las revistas del juego.,BOKMAL,Hitta alla tidskrifter i spelet.,KİTAP KURDU,Oyundaki her dergiyi bul,书呆子,找出游戏里的所有杂志,采用已验证的既有译本：GaBoron 成就翻译库 1222140 条目（schinese）。本机 schema 与该参考的英文原文逐条完全一致（共 48 条），确认为同一成就集与版本；已逐条对照英文原文复核后采用，未作改写。
43,PARTNERS,Hank and Connor were friends until the end,絕佳搭檔,漢克和康納到最後都是朋友,شركاء,"كان ""هانك"" و""كونر"" أصدقاء حتى النهاية",PARCEIROS,Hank e Connor foram amigos até o fim,PARTNEŘI,Hank a Connor byli přátelé až do konce.,PARTNERE,Hank og Connor var venner til det sidste,PARTNERS,Hank en Connor waren vrienden tot het einde,TYÖPARI,Hank ja Connor olivat ystäviä loppuun asti,PARTENAIRES,Hank et Connor sont restés amis jusqu'au bout,PARTNER,Hank und Connor waren bis zum Ende Freunde,ΣΥΝΕΡΓΑΤΕΣ,Οι Hank και Connor ήταν φίλοι μέχρι το τέλος,PARTNEREK,Hank és Connor barátok a végéig,COLLEGHI,Hank e Connor sono amici fino alla fine.,相棒,ハンクとコナーが最後まで友情を保つ,파트너,마지막까지 행크와 코너가 친구로 남았습니다.,COMPAÑEROS,Hank y Connor fueron amigos hasta el final.,PARTNERE,Hank og Connor var venner helt til slutten,PARTNERZY,Hank i Connor byli przyjaciółmi do końca,PARCEIROS,Hank e Connor foram amigos até ao fim,НАПАРНИКИ,Хэнк и Коннор остались друзьями до конца,SOCIOS,Hank y Connor han sido amigos hasta el final.,PARTNER,Hank och Connor var vänner till slutet.,ORTAKLAR,Hank ve Connor son ana kadar dost kaldı,PARTNERS,Hank and Connor were friends until the end,绝佳搭档,汉克和康纳到最后都是朋友,絕佳搭檔,漢克和康納到最後都是朋友,شركاء,"كان ""هانك"" و""كونر"" أصدقاء حتى النهاية",PARCEIROS,Hank e Connor foram amigos até o fim,PARTNEŘI,Hank a Connor byli přátelé až do konce.,PARTNERE,Hank og Connor var venner til det sidste,PARTNERS,Hank en Connor waren vrienden tot het einde,TYÖPARI,Hank ja Connor olivat ystäviä loppuun asti,PARTENAIRES,Hank et Connor sont restés amis jusqu'au bout,PARTNER,Hank und Connor waren bis zum Ende Freunde,ΣΥΝΕΡΓΑΤΕΣ,Οι Hank και Connor ήταν φίλοι μέχρι το τέλος,PARTNEREK,Hank és Connor barátok a végéig,COLLEGHI,Hank e Connor sono amici fino alla fine.,相棒,ハンクとコナーが最後まで友情を保つ,파트너,마지막까지 행크와 코너가 친구로 남았습니다.,COMPAÑEROS,Hank y Connor fueron amigos hasta el final.,PARTNERE,Hank og Connor var venner helt til slutten,PARTNERZY,Hank i Connor byli przyjaciółmi do końca,PARCEIROS,Hank e Connor foram amigos até ao fim,НАПАРНИКИ,Хэнк и Коннор остались друзьями до конца,SOCIOS,Hank y Connor han sido amigos hasta el final.,PARTNER,Hank och Connor var vänner till slutet.,ORTAKLAR,Hank ve Connor son ana kadar dost kaldı,绝佳搭档,汉克和康纳到最后都是朋友,采用已验证的既有译本：GaBoron 成就翻译库 1222140 条目（schinese）。本机 schema 与该参考的英文原文逐条完全一致（共 48 条），确认为同一成就集与版本；已逐条对照英文原文复核后采用，未作改写。
44,HAPPY FAMILY,"Kara, Alice, Luther are together at the end",天倫之樂,卡菈、愛麗絲和盧瑟一起走到最後,عائلة سعيدة,"كارا"" و""أليس"" و""لوثر"" معًا في النهاية""",FAMÍLIA FELIZ,"Kara, Alice e Luther estão juntos no final",ŠŤASTNÁ RODINA,"Kara, Alice a Luther dosáhli konce společně.",LYKKELIG FAMILIE,"Kara, Alice og Luther er sammen til slut",SAMEN GELUKKIG,"Kara, Alice en Luther zijn samen aan het eind",ONNELLINEN PERHE,"Kara, Alice ja Luther ovat yhdessä lopussa",EN FAMILLE,"Kara, Alice et Luther finissent ensemble",GLÜCKLICHE FAMILIE,"Kara, Alice und Luther sind am Ende vereint",ΧΑΡΟΥΜΕΝΗ ΟΙΚΟΓΕΝΕΙΑ,"Οι Kara, Alice και Luther είναι μαζί στο τέλος",BOLDOG CSALÁD,"Kara, Alice, Luther együtt marad a végén",FAMIGLIA FELICE,"Kara, Alice e Luther sono insieme alla fine.",幸せな家族,カーラとアリスとルーサーが最後まで一緒に生き延びた,행복한 가족,"카라와 앨리스, 루터가 끝까지 함께 했습니다.",FAMILIA FELIZ,"Kara, Alice y Luther están juntos al final.",LYKKELIG FAMILIE,"Kara, Alice og Luther er sammen ved spillets slutt",SZCZĘŚLIWA RODZINA,"Kara, Alice i Luther pozostali razem do końca",FAMÍLIA FELIZ,"Kara, Alice e Luther estão juntos no fim",СЧАСТЛИВАЯ СЕМЬЯ,"Кэра, Алиса и Лютер остались вместе",FAMILIA FELIZ,"Kara, Alice y Luther llegan juntos al final.",GLAD FAMILJ,"Kara, Alice och Luther är tillsammans i slutet.",MUTLU AİLE,"Kara, Alice ve Luther birlikte sona ulaştı",HAPPY FAMILY,"Kara, Alice, Luther are together at the end",天伦之乐,卡菈、爱丽丝和卢瑟一起走到最后,天倫之樂,卡菈、愛麗絲和盧瑟一起走到最後,عائلة سعيدة,"كارا"" و""أليس"" و""لوثر"" معًا في النهاية""",FAMÍLIA FELIZ,"Kara, Alice e Luther estão juntos no final",ŠŤASTNÁ RODINA,"Kara, Alice a Luther dosáhli konce společně.",LYKKELIG FAMILIE,"Kara, Alice og Luther er sammen til slut",SAMEN GELUKKIG,"Kara, Alice en Luther zijn samen aan het eind",ONNELLINEN PERHE,"Kara, Alice ja Luther ovat yhdessä lopussa",EN FAMILLE,"Kara, Alice et Luther finissent ensemble",GLÜCKLICHE FAMILIE,"Kara, Alice und Luther sind am Ende vereint",ΧΑΡΟΥΜΕΝΗ ΟΙΚΟΓΕΝΕΙΑ,"Οι Kara, Alice και Luther είναι μαζί στο τέλος",BOLDOG CSALÁD,"Kara, Alice, Luther együtt marad a végén",FAMIGLIA FELICE,"Kara, Alice e Luther sono insieme alla fine.",幸せな家族,カーラとアリスとルーサーが最後まで一緒に生き延びた,행복한 가족,"카라와 앨리스, 루터가 끝까지 함께 했습니다.",FAMILIA FELIZ,"Kara, Alice y Luther están juntos al final.",LYKKELIG FAMILIE,"Kara, Alice og Luther er sammen ved spillets slutt",SZCZĘŚLIWA RODZINA,"Kara, Alice i Luther pozostali razem do końca",FAMÍLIA FELIZ,"Kara, Alice e Luther estão juntos no fim",СЧАСТЛИВАЯ СЕМЬЯ,"Кэра, Алиса и Лютер остались вместе",FAMILIA FELIZ,"Kara, Alice y Luther llegan juntos al final.",GLAD FAMILJ,"Kara, Alice och Luther är tillsammans i slutet.",MUTLU AİLE,"Kara, Alice ve Luther birlikte sona ulaştı",天伦之乐,卡菈、爱丽丝和卢瑟一起走到最后,采用已验证的既有译本：GaBoron 成就翻译库 1222140 条目（schinese）。本机 schema 与该参考的英文原文逐条完全一致（共 48 条），确认为同一成就集与版本；已逐条对照英文原文复核后采用，未作改写。
45,I'LL BE BACK,Connor died and returned at every opportunity before reaching the end,我會再回來,遊戲完結以前康納在每個死亡機會都死亡且重生,سأعود,"مات ""كونر"" وعاد في كل فرصة متاحة قبل وصول النهاية",EU VOLTAREI,Connor morreu e retornou em todas as oportunidades antes de chegar ao final,JÁ SE VRÁTÍM,Connor před dosažením konce zemřel při každé možnosti a pokaždé se vrátil.,JEG KOMMER TILBAGE,"Connor døde og kom tilbage hver gang, det var muligt, før slutningen",IK ZIE JE ZO,Connor is bij elke mogelijkheid gestorven en teruggekeerd voor het einde,PALAAN VIELÄ,Connor kuoli ja palasi jokaisessa mahdollisessa tilanteessa ennen loppua,JE REVIENDRAI,Connor est mort et revenu à chaque occasion avant la fin du jeu,ICH KOMME WIEDER,Connor ist vor Erreichen des Endes bei jeder Gelegenheit gestorben und zurückgekehrt,ΝΑ ΜΕ ΠΑΛΙ,Ο Connor πέθανε και επέστρεψε σε όλες τις περιπτώσεις πριν φτάσει στο τέλος,VISSZATÉREK,Connor meghalt és visszatért minden lehetséges alkalommal a befejezés előtt,TORNERÒ,Connor è morto ed è tornato a ogni occasione prima della fine della storia.,復活,コナーがあらゆる機会で命を落としその度に復活しエンディングを迎えた,I'LL BE BACK,코너가 모든 기회에서 죽은 후 부활하여 마지막까지 도달했습니다.,REGRESARÉ,Connor murió y regresó en todas las ocasiones antes de llegar al final.,JEG KOMMER TILBAKE,"Connor døde og kom tilbake ved hver mulighet, før slutten",TAM I Z POWROTEM,"Connor zginął i powrócił przy każdej możliwej okazji, przed dotarciem do końca",EU VOLTO,Connor morre e regressa em todas as oportunidades antes de chegares ao fim,Я ЕЩЕ ВЕРНУСЬ,Коннор погибал и возвращался при каждой возможности до окончания,VOLVERÉ,Connor ha muerto y ha regresado en todas las ocasiones antes de llegar al final.,JAG KOMMER TILLBAKA,Connor dog och återvände vid alla tillfällen innan slutet.,DÖNECEĞİM,Connor sona ulaşmadan önce her fırsatta öldü ve geri döndü,I'LL BE BACK,Connor died and returned at every opportunity before reaching the end,我会再回来,游戏完结以前康纳在每个死亡机会都死亡且重生,我會再回來,遊戲完結以前康納在每個死亡機會都死亡且重生,سأعود,"مات ""كونر"" وعاد في كل فرصة متاحة قبل وصول النهاية",EU VOLTAREI,Connor morreu e retornou em todas as oportunidades antes de chegar ao final,JÁ SE VRÁTÍM,Connor před dosažením konce zemřel při každé možnosti a pokaždé se vrátil.,JEG KOMMER TILBAGE,"Connor døde og kom tilbage hver gang, det var muligt, før slutningen",IK ZIE JE ZO,Connor is bij elke mogelijkheid gestorven en teruggekeerd voor het einde,PALAAN VIELÄ,Connor kuoli ja palasi jokaisessa mahdollisessa tilanteessa ennen loppua,JE REVIENDRAI,Connor est mort et revenu à chaque occasion avant la fin du jeu,ICH KOMME WIEDER,Connor ist vor Erreichen des Endes bei jeder Gelegenheit gestorben und zurückgekehrt,ΝΑ ΜΕ ΠΑΛΙ,Ο Connor πέθανε και επέστρεψε σε όλες τις περιπτώσεις πριν φτάσει στο τέλος,VISSZATÉREK,Connor meghalt és visszatért minden lehetséges alkalommal a befejezés előtt,TORNERÒ,Connor è morto ed è tornato a ogni occasione prima della fine della storia.,復活,コナーがあらゆる機会で命を落としその度に復活しエンディングを迎えた,I'LL BE BACK,코너가 모든 기회에서 죽은 후 부활하여 마지막까지 도달했습니다.,REGRESARÉ,Connor murió y regresó en todas las ocasiones antes de llegar al final.,JEG KOMMER TILBAKE,"Connor døde og kom tilbake ved hver mulighet, før slutten",TAM I Z POWROTEM,"Connor zginął i powrócił przy każdej możliwej okazji, przed dotarciem do końca",EU VOLTO,Connor morre e regressa em todas as oportunidades antes de chegares ao fim,Я ЕЩЕ ВЕРНУСЬ,Коннор погибал и возвращался при каждой возможности до окончания,VOLVERÉ,Connor ha muerto y ha regresado en todas las ocasiones antes de llegar al final.,JAG KOMMER TILLBAKA,Connor dog och återvände vid alla tillfällen innan slutet.,DÖNECEĞİM,Connor sona ulaşmadan önce her fırsatta öldü ve geri döndü,我会再回来,游戏完结以前康纳在每个死亡机会都死亡且重生,采用已验证的既有译本：GaBoron 成就翻译库 1222140 条目（schinese）。本机 schema 与该参考的英文原文逐条完全一致（共 48 条），确认为同一成就集与版本；已逐条对照英文原文复核后采用，未作改写。
46,THIS IS MY STORY,Finish the game once,這是我的故事,完成遊戲一次,هذه قصتي,أكمل اللعبة مرة,ESSA É A MINHA HISTÓRIA,Termine o jogo,TOHLE JE MŮJ PŘÍBĚH,Dokončete jednou celou hru.,DETTE ER MIN HISTORIE,Gennemfør spillet én gang,DIT IS MIJN VERHAAL,Speel de game één keer uit,TÄMÄ ON TARINANI,Pelaa peli läpi kerran,CECI EST MON HISTOIRE,Terminez le jeu une fois,DAS IST MEINE GESCHICHTE,Beende das Spiel ein Mal,ΑΥΤΗ ΕΙΝΑΙ Η ΙΣΤΟΡΙΑ ΜΟΥ,Τερμάτισε μία φορά το παιχνίδι,EZ AZ ÉN TÖRTÉNETEM,Egyszer fejezd be a játékot,QUESTA È LA MIA STORIA,Completa il gioco una volta.,私たちの物語,ゲームを最後までプレイした,이것이 나의 이야기,게임을 한 번 끝까지 완료했습니다.,ESTA ES MI HISTORIA,Termina el juego una vez.,DETTE ER MIN HISTORIE,Rund spillet én gang,TO MOJA HISTORIA,Ukończono grę,ESTA É A MINHA HISTÓRIA,Termina o jogo uma vez,ЭТО МОЯ ИСТОРИЯ,Вы прошли игру один раз,ESTA ES MI HISTORIA,Acaba el juego una vez.,DET HÄR ÄR MIN BERÄTTELSE,Klara av spelet en gång.,BU BENİM HİKÂYEM,Oyunu bir kez bitir,THIS IS MY STORY,Finish the game once,这是我的故事,完成游戏一次,這是我的故事,完成遊戲一次,هذه قصتي,أكمل اللعبة مرة,ESSA É A MINHA HISTÓRIA,Termine o jogo,TOHLE JE MŮJ PŘÍBĚH,Dokončete jednou celou hru.,DETTE ER MIN HISTORIE,Gennemfør spillet én gang,DIT IS MIJN VERHAAL,Speel de game één keer uit,TÄMÄ ON TARINANI,Pelaa peli läpi kerran,CECI EST MON HISTOIRE,Terminez le jeu une fois,DAS IST MEINE GESCHICHTE,Beende das Spiel ein Mal,ΑΥΤΗ ΕΙΝΑΙ Η ΙΣΤΟΡΙΑ ΜΟΥ,Τερμάτισε μία φορά το παιχνίδι,EZ AZ ÉN TÖRTÉNETEM,Egyszer fejezd be a játékot,QUESTA È LA MIA STORIA,Completa il gioco una volta.,私たちの物語,ゲームを最後までプレイした,이것이 나의 이야기,게임을 한 번 끝까지 완료했습니다.,ESTA ES MI HISTORIA,Termina el juego una vez.,DETTE ER MIN HISTORIE,Rund spillet én gang,TO MOJA HISTORIA,Ukończono grę,ESTA É A MINHA HISTÓRIA,Termina o jogo uma vez,ЭТО МОЯ ИСТОРИЯ,Вы прошли игру один раз,ESTA ES MI HISTORIA,Acaba el juego una vez.,DET HÄR ÄR MIN BERÄTTELSE,Klara av spelet en gång.,BU BENİM HİKÂYEM,Oyunu bir kez bitir,这是我的故事,完成游戏一次,采用已验证的既有译本：GaBoron 成就翻译库 1222140 条目（schinese）。本机 schema 与该参考的英文原文逐条完全一致（共 48 条），确认为同一成就集与版本；已逐条对照英文原文复核后采用，未作改写。
